model,image_id,fae_method,metric,score
resnet18,ISIC_0012258,integrated_gradients,faithfulness_correlation,0.08567821234464645
resnet18,ISIC_0012258,integrated_gradients,max_sensitivity,1.4690380096435547
resnet18,ISIC_0012258,integrated_gradients,relevance_mass_accuracy,2.0368359088897705
resnet18,ISIC_0012258,saliency,faithfulness_correlation,-0.20759685337543488
resnet18,ISIC_0012258,saliency,max_sensitivity,0.8591338396072388
resnet18,ISIC_0012258,saliency,relevance_mass_accuracy,0.10524319112300873
resnet18,ISIC_0012258,gradcam,faithfulness_correlation,0.06978760659694672
resnet18,ISIC_0012258,gradcam,max_sensitivity,2.2649941444396973
resnet18,ISIC_0012258,gradcam,relevance_mass_accuracy,0.014693877659738064
resnet18,ISIC_0012258,deep_lift,faithfulness_correlation,0.14412707090377808
resnet18,ISIC_0012258,deep_lift,max_sensitivity,1.3553847074508667
resnet18,ISIC_0012258,deep_lift,relevance_mass_accuracy,-0.039258427917957306
resnet18,ISIC_0012258,guided_backprop,faithfulness_correlation,-0.18219654262065887
resnet18,ISIC_0012258,guided_backprop,max_sensitivity,0.9717051982879639
resnet18,ISIC_0012258,guided_backprop,relevance_mass_accuracy,0.101165272295475
resnet18,ISIC_0012258,lrp,faithfulness_correlation,-0.09744549542665482
resnet18,ISIC_0012258,lrp,max_sensitivity,8.518659591674805
resnet18,ISIC_0012258,lrp,relevance_mass_accuracy,-0.26234766840934753
resnet18,ISIC_0012258,occlusion,faithfulness_correlation,-0.0712929517030716
resnet18,ISIC_0012258,occlusion,max_sensitivity,1.6195487976074219
resnet18,ISIC_0012258,occlusion,relevance_mass_accuracy,0.2465239316225052
squeezenet,ISIC_0012258,integrated_gradients,faithfulness_correlation,-0.013903366401791573
squeezenet,ISIC_0012258,integrated_gradients,max_sensitivity,1.3341370820999146
squeezenet,ISIC_0012258,integrated_gradients,relevance_mass_accuracy,0.17001037299633026
squeezenet,ISIC_0012258,saliency,faithfulness_correlation,0.21566864848136902
squeezenet,ISIC_0012258,saliency,max_sensitivity,0.9356931447982788
squeezenet,ISIC_0012258,saliency,relevance_mass_accuracy,0.10434480756521225
squeezenet,ISIC_0012258,gradcam,faithfulness_correlation,0.3082578182220459
squeezenet,ISIC_0012258,gradcam,max_sensitivity,0.4055466949939728
squeezenet,ISIC_0012258,gradcam,relevance_mass_accuracy,0.09101289510726929
squeezenet,ISIC_0012258,deep_lift,faithfulness_correlation,-0.01965399459004402
squeezenet,ISIC_0012258,deep_lift,max_sensitivity,1.413987636566162
squeezenet,ISIC_0012258,deep_lift,relevance_mass_accuracy,0.06206900253891945
squeezenet,ISIC_0012258,guided_backprop,faithfulness_correlation,-0.05928347259759903
squeezenet,ISIC_0012258,guided_backprop,max_sensitivity,1.0717980861663818
squeezenet,ISIC_0012258,guided_backprop,relevance_mass_accuracy,0.11651520431041718
squeezenet,ISIC_0012258,lrp,faithfulness_correlation,0.01775997504591942
squeezenet,ISIC_0012258,lrp,max_sensitivity,1.3835984468460083
squeezenet,ISIC_0012258,lrp,relevance_mass_accuracy,-2.3058292865753174
squeezenet,ISIC_0012258,occlusion,faithfulness_correlation,-0.0011085527949035168
squeezenet,ISIC_0012258,occlusion,max_sensitivity,0.7703180909156799
squeezenet,ISIC_0012258,occlusion,relevance_mass_accuracy,0.2652243375778198
resnet18,ISIC_0012356,integrated_gradients,faithfulness_correlation,0.05726497620344162
resnet18,ISIC_0012356,integrated_gradients,max_sensitivity,1.3457133769989014
resnet18,ISIC_0012356,integrated_gradients,relevance_mass_accuracy,0.011791528202593327
resnet18,ISIC_0012356,saliency,faithfulness_correlation,0.0492134653031826
resnet18,ISIC_0012356,saliency,max_sensitivity,0.8504446744918823
resnet18,ISIC_0012356,saliency,relevance_mass_accuracy,0.5296792984008789
resnet18,ISIC_0012356,gradcam,faithfulness_correlation,0.04002966359257698
resnet18,ISIC_0012356,gradcam,max_sensitivity,1.1030473709106445
resnet18,ISIC_0012356,gradcam,relevance_mass_accuracy,0.4727835953235626
resnet18,ISIC_0012356,deep_lift,faithfulness_correlation,0.18445825576782227
resnet18,ISIC_0012356,deep_lift,max_sensitivity,1.1478796005249023
resnet18,ISIC_0012356,deep_lift,relevance_mass_accuracy,0.04784481227397919
resnet18,ISIC_0012356,guided_backprop,faithfulness_correlation,0.04032003507018089
resnet18,ISIC_0012356,guided_backprop,max_sensitivity,0.8315175771713257
resnet18,ISIC_0012356,guided_backprop,relevance_mass_accuracy,-52.35442352294922
resnet18,ISIC_0012356,lrp,faithfulness_correlation,0.09701517224311829
resnet18,ISIC_0012356,lrp,max_sensitivity,3.627462148666382
resnet18,ISIC_0012356,lrp,relevance_mass_accuracy,-1.5411944389343262
resnet18,ISIC_0012356,occlusion,faithfulness_correlation,-0.1905842423439026
resnet18,ISIC_0012356,occlusion,max_sensitivity,1.4900339841842651
resnet18,ISIC_0012356,occlusion,relevance_mass_accuracy,1.7201179265975952
squeezenet,ISIC_0012356,integrated_gradients,faithfulness_correlation,0.04705718532204628
squeezenet,ISIC_0012356,integrated_gradients,max_sensitivity,1.4132705926895142
squeezenet,ISIC_0012356,integrated_gradients,relevance_mass_accuracy,-0.0576418898999691
squeezenet,ISIC_0012356,saliency,faithfulness_correlation,0.16840915381908417
squeezenet,ISIC_0012356,saliency,max_sensitivity,0.9985040426254272
squeezenet,ISIC_0012356,saliency,relevance_mass_accuracy,0.5077001452445984
squeezenet,ISIC_0012356,gradcam,faithfulness_correlation,0.20971153676509857
squeezenet,ISIC_0012356,gradcam,max_sensitivity,0.5700118541717529
squeezenet,ISIC_0012356,gradcam,relevance_mass_accuracy,0.3694925010204315
squeezenet,ISIC_0012356,deep_lift,faithfulness_correlation,0.046790849417448044
squeezenet,ISIC_0012356,deep_lift,max_sensitivity,1.524705410003662
squeezenet,ISIC_0012356,deep_lift,relevance_mass_accuracy,0.022223101928830147
squeezenet,ISIC_0012356,guided_backprop,faithfulness_correlation,0.11064418405294418
squeezenet,ISIC_0012356,guided_backprop,max_sensitivity,1.3305127620697021
squeezenet,ISIC_0012356,guided_backprop,relevance_mass_accuracy,0.12370800226926804
squeezenet,ISIC_0012356,lrp,faithfulness_correlation,-0.0473514050245285
squeezenet,ISIC_0012356,lrp,max_sensitivity,1.4307831525802612
squeezenet,ISIC_0012356,lrp,relevance_mass_accuracy,-0.29843869805336
squeezenet,ISIC_0012356,occlusion,faithfulness_correlation,0.04150440916419029
squeezenet,ISIC_0012356,occlusion,max_sensitivity,0.8918317556381226
squeezenet,ISIC_0012356,occlusion,relevance_mass_accuracy,0.758270263671875
resnet18,ISIC_0012369,integrated_gradients,faithfulness_correlation,0.14330361783504486
resnet18,ISIC_0012369,integrated_gradients,max_sensitivity,1.2941807508468628
resnet18,ISIC_0012369,integrated_gradients,relevance_mass_accuracy,-0.9588801264762878
resnet18,ISIC_0012369,saliency,faithfulness_correlation,0.020367145538330078
resnet18,ISIC_0012369,saliency,max_sensitivity,0.8511794209480286
resnet18,ISIC_0012369,saliency,relevance_mass_accuracy,0.3046357333660126
resnet18,ISIC_0012369,gradcam,faithfulness_correlation,0.12721101939678192
resnet18,ISIC_0012369,gradcam,max_sensitivity,0.5261580944061279
resnet18,ISIC_0012369,gradcam,relevance_mass_accuracy,0.36924535036087036
resnet18,ISIC_0012369,deep_lift,faithfulness_correlation,0.010218716226518154
resnet18,ISIC_0012369,deep_lift,max_sensitivity,1.1896079778671265
resnet18,ISIC_0012369,deep_lift,relevance_mass_accuracy,2.667125940322876
resnet18,ISIC_0012369,guided_backprop,faithfulness_correlation,0.1041913777589798
resnet18,ISIC_0012369,guided_backprop,max_sensitivity,1.3510807752609253
resnet18,ISIC_0012369,guided_backprop,relevance_mass_accuracy,0.3625944256782532
resnet18,ISIC_0012369,lrp,faithfulness_correlation,-0.10078224539756775
resnet18,ISIC_0012369,lrp,max_sensitivity,3.9432015419006348
resnet18,ISIC_0012369,lrp,relevance_mass_accuracy,-0.023147709667682648
resnet18,ISIC_0012369,occlusion,faithfulness_correlation,0.2907784581184387
resnet18,ISIC_0012369,occlusion,max_sensitivity,1.394316554069519
resnet18,ISIC_0012369,occlusion,relevance_mass_accuracy,0.20555293560028076
squeezenet,ISIC_0012369,integrated_gradients,faithfulness_correlation,-0.017864231020212173
squeezenet,ISIC_0012369,integrated_gradients,max_sensitivity,1.4317086935043335
squeezenet,ISIC_0012369,integrated_gradients,relevance_mass_accuracy,-0.672306478023529
squeezenet,ISIC_0012369,saliency,faithfulness_correlation,0.27145689725875854
squeezenet,ISIC_0012369,saliency,max_sensitivity,0.9187416434288025
squeezenet,ISIC_0012369,saliency,relevance_mass_accuracy,0.22291062772274017
squeezenet,ISIC_0012369,gradcam,faithfulness_correlation,0.37660348415374756
squeezenet,ISIC_0012369,gradcam,max_sensitivity,0.9732531905174255
squeezenet,ISIC_0012369,gradcam,relevance_mass_accuracy,0.17620979249477386
squeezenet,ISIC_0012369,deep_lift,faithfulness_correlation,-0.08008874207735062
squeezenet,ISIC_0012369,deep_lift,max_sensitivity,1.3147386312484741
squeezenet,ISIC_0012369,deep_lift,relevance_mass_accuracy,0.3826305568218231
squeezenet,ISIC_0012369,guided_backprop,faithfulness_correlation,0.08404221385717392
squeezenet,ISIC_0012369,guided_backprop,max_sensitivity,1.2920029163360596
squeezenet,ISIC_0012369,guided_backprop,relevance_mass_accuracy,0.03567739948630333
squeezenet,ISIC_0012369,lrp,faithfulness_correlation,0.025343339890241623
squeezenet,ISIC_0012369,lrp,max_sensitivity,1.271357536315918
squeezenet,ISIC_0012369,lrp,relevance_mass_accuracy,0.028073202818632126
squeezenet,ISIC_0012369,occlusion,faithfulness_correlation,0.31567057967185974
squeezenet,ISIC_0012369,occlusion,max_sensitivity,0.9233221411705017
squeezenet,ISIC_0012369,occlusion,relevance_mass_accuracy,0.01825813762843609
resnet18,ISIC_0012395,integrated_gradients,faithfulness_correlation,-0.17390680313110352
resnet18,ISIC_0012395,integrated_gradients,max_sensitivity,1.1303761005401611
resnet18,ISIC_0012395,integrated_gradients,relevance_mass_accuracy,-2.1948068141937256
resnet18,ISIC_0012395,saliency,faithfulness_correlation,0.04686708375811577
resnet18,ISIC_0012395,saliency,max_sensitivity,0.8764899969100952
resnet18,ISIC_0012395,saliency,relevance_mass_accuracy,0.1781732589006424
resnet18,ISIC_0012395,gradcam,faithfulness_correlation,0.16601094603538513
resnet18,ISIC_0012395,gradcam,max_sensitivity,1.252305269241333
resnet18,ISIC_0012395,gradcam,relevance_mass_accuracy,0.7772203683853149
resnet18,ISIC_0012395,deep_lift,faithfulness_correlation,0.007948140613734722
resnet18,ISIC_0012395,deep_lift,max_sensitivity,1.290054440498352
resnet18,ISIC_0012395,deep_lift,relevance_mass_accuracy,-1.6886924505233765
resnet18,ISIC_0012395,guided_backprop,faithfulness_correlation,-0.11760641634464264
resnet18,ISIC_0012395,guided_backprop,max_sensitivity,0.9350817799568176
resnet18,ISIC_0012395,guided_backprop,relevance_mass_accuracy,1.7823727130889893
resnet18,ISIC_0012395,lrp,faithfulness_correlation,0.16309936344623566
resnet18,ISIC_0012395,lrp,max_sensitivity,1410.78955078125
resnet18,ISIC_0012395,lrp,relevance_mass_accuracy,0.05076151341199875
resnet18,ISIC_0012395,occlusion,faithfulness_correlation,0.06521402299404144
resnet18,ISIC_0012395,occlusion,max_sensitivity,1.154666543006897
resnet18,ISIC_0012395,occlusion,relevance_mass_accuracy,-8.058371543884277
squeezenet,ISIC_0012395,integrated_gradients,faithfulness_correlation,-0.2452298253774643
squeezenet,ISIC_0012395,integrated_gradients,max_sensitivity,1.250847578048706
squeezenet,ISIC_0012395,integrated_gradients,relevance_mass_accuracy,2.5380709171295166
squeezenet,ISIC_0012395,saliency,faithfulness_correlation,0.1836286038160324
squeezenet,ISIC_0012395,saliency,max_sensitivity,0.8997912406921387
squeezenet,ISIC_0012395,saliency,relevance_mass_accuracy,0.31363728642463684
squeezenet,ISIC_0012395,gradcam,faithfulness_correlation,0.27057772874832153
squeezenet,ISIC_0012395,gradcam,max_sensitivity,0.6115439534187317
squeezenet,ISIC_0012395,gradcam,relevance_mass_accuracy,0.9008938670158386
squeezenet,ISIC_0012395,deep_lift,faithfulness_correlation,-0.0684698149561882
squeezenet,ISIC_0012395,deep_lift,max_sensitivity,1.3281030654907227
squeezenet,ISIC_0012395,deep_lift,relevance_mass_accuracy,20.559913635253906
squeezenet,ISIC_0012395,guided_backprop,faithfulness_correlation,0.13488233089447021
squeezenet,ISIC_0012395,guided_backprop,max_sensitivity,1.0820868015289307
squeezenet,ISIC_0012395,guided_backprop,relevance_mass_accuracy,-100.10066223144531
squeezenet,ISIC_0012395,lrp,faithfulness_correlation,0.043705012649297714
squeezenet,ISIC_0012395,lrp,max_sensitivity,1.2356905937194824
squeezenet,ISIC_0012395,lrp,relevance_mass_accuracy,3.2149388790130615
squeezenet,ISIC_0012395,occlusion,faithfulness_correlation,0.15595820546150208
squeezenet,ISIC_0012395,occlusion,max_sensitivity,1.4305391311645508
squeezenet,ISIC_0012395,occlusion,relevance_mass_accuracy,0.5464105606079102
resnet18,ISIC_0012425,integrated_gradients,faithfulness_correlation,-0.11445342004299164
resnet18,ISIC_0012425,integrated_gradients,max_sensitivity,1.2418798208236694
resnet18,ISIC_0012425,integrated_gradients,relevance_mass_accuracy,-13.736034393310547
resnet18,ISIC_0012425,saliency,faithfulness_correlation,-0.09680300205945969
resnet18,ISIC_0012425,saliency,max_sensitivity,0.8394099473953247
resnet18,ISIC_0012425,saliency,relevance_mass_accuracy,0.032538242638111115
resnet18,ISIC_0012425,gradcam,faithfulness_correlation,-0.14399567246437073
resnet18,ISIC_0012425,gradcam,max_sensitivity,0.661601722240448
resnet18,ISIC_0012425,gradcam,relevance_mass_accuracy,0.059298865497112274
resnet18,ISIC_0012425,deep_lift,faithfulness_correlation,-0.012337835505604744
resnet18,ISIC_0012425,deep_lift,max_sensitivity,1.2052333354949951
resnet18,ISIC_0012425,deep_lift,relevance_mass_accuracy,-25.955480575561523
resnet18,ISIC_0012425,guided_backprop,faithfulness_correlation,0.05552027374505997
resnet18,ISIC_0012425,guided_backprop,max_sensitivity,1.2066981792449951
resnet18,ISIC_0012425,guided_backprop,relevance_mass_accuracy,0.665195107460022
resnet18,ISIC_0012425,lrp,faithfulness_correlation,0.18271934986114502
resnet18,ISIC_0012425,lrp,max_sensitivity,194.8605499267578
resnet18,ISIC_0012425,lrp,relevance_mass_accuracy,0.5689306855201721
resnet18,ISIC_0012425,occlusion,faithfulness_correlation,-0.05142563581466675
resnet18,ISIC_0012425,occlusion,max_sensitivity,1.3728314638137817
resnet18,ISIC_0012425,occlusion,relevance_mass_accuracy,-2.073215961456299
squeezenet,ISIC_0012425,integrated_gradients,faithfulness_correlation,0.01570710726082325
squeezenet,ISIC_0012425,integrated_gradients,max_sensitivity,1.4022904634475708
squeezenet,ISIC_0012425,integrated_gradients,relevance_mass_accuracy,0.19701746106147766
squeezenet,ISIC_0012425,saliency,faithfulness_correlation,0.05044478178024292
squeezenet,ISIC_0012425,saliency,max_sensitivity,0.9693256616592407
squeezenet,ISIC_0012425,saliency,relevance_mass_accuracy,0.04960513859987259
squeezenet,ISIC_0012425,gradcam,faithfulness_correlation,0.04934757202863693
squeezenet,ISIC_0012425,gradcam,max_sensitivity,0.6878975033760071
squeezenet,ISIC_0012425,gradcam,relevance_mass_accuracy,0.08373589813709259
squeezenet,ISIC_0012425,deep_lift,faithfulness_correlation,-0.13539038598537445
squeezenet,ISIC_0012425,deep_lift,max_sensitivity,1.2217744588851929
squeezenet,ISIC_0012425,deep_lift,relevance_mass_accuracy,0.13739223778247833
squeezenet,ISIC_0012425,guided_backprop,faithfulness_correlation,-0.14908607304096222
squeezenet,ISIC_0012425,guided_backprop,max_sensitivity,0.9804128408432007
squeezenet,ISIC_0012425,guided_backprop,relevance_mass_accuracy,1.4674181938171387
squeezenet,ISIC_0012425,lrp,faithfulness_correlation,-0.01887989230453968
squeezenet,ISIC_0012425,lrp,max_sensitivity,1.444354772567749
squeezenet,ISIC_0012425,lrp,relevance_mass_accuracy,-0.12114492803812027
squeezenet,ISIC_0012425,occlusion,faithfulness_correlation,0.169078066945076
squeezenet,ISIC_0012425,occlusion,max_sensitivity,1.0432045459747314
squeezenet,ISIC_0012425,occlusion,relevance_mass_accuracy,0.05520005151629448
resnet18,ISIC_0012758,integrated_gradients,faithfulness_correlation,-0.08536440134048462
resnet18,ISIC_0012758,integrated_gradients,max_sensitivity,1.3853802680969238
resnet18,ISIC_0012758,integrated_gradients,relevance_mass_accuracy,0.8831993341445923
resnet18,ISIC_0012758,saliency,faithfulness_correlation,-0.0854247435927391
resnet18,ISIC_0012758,saliency,max_sensitivity,0.8496728539466858
resnet18,ISIC_0012758,saliency,relevance_mass_accuracy,0.08517065644264221
resnet18,ISIC_0012758,gradcam,faithfulness_correlation,-0.05653815716505051
resnet18,ISIC_0012758,gradcam,max_sensitivity,0.5410552620887756
resnet18,ISIC_0012758,gradcam,relevance_mass_accuracy,0.18698300421237946
resnet18,ISIC_0012758,deep_lift,faithfulness_correlation,0.00448242574930191
resnet18,ISIC_0012758,deep_lift,max_sensitivity,1.2419692277908325
resnet18,ISIC_0012758,deep_lift,relevance_mass_accuracy,1.3403077125549316
resnet18,ISIC_0012758,guided_backprop,faithfulness_correlation,0.12552326917648315
resnet18,ISIC_0012758,guided_backprop,max_sensitivity,0.8840728998184204
resnet18,ISIC_0012758,guided_backprop,relevance_mass_accuracy,1.409477710723877
resnet18,ISIC_0012758,lrp,faithfulness_correlation,0.187742680311203
resnet18,ISIC_0012758,lrp,max_sensitivity,11.16635799407959
resnet18,ISIC_0012758,lrp,relevance_mass_accuracy,-0.0006039931904524565
resnet18,ISIC_0012758,occlusion,faithfulness_correlation,-0.004501509480178356
resnet18,ISIC_0012758,occlusion,max_sensitivity,1.385643482208252
resnet18,ISIC_0012758,occlusion,relevance_mass_accuracy,0.148525670170784
squeezenet,ISIC_0012758,integrated_gradients,faithfulness_correlation,0.03671182319521904
squeezenet,ISIC_0012758,integrated_gradients,max_sensitivity,1.270713210105896
squeezenet,ISIC_0012758,integrated_gradients,relevance_mass_accuracy,-1.030525803565979
squeezenet,ISIC_0012758,saliency,faithfulness_correlation,0.2874351739883423
squeezenet,ISIC_0012758,saliency,max_sensitivity,0.8870019912719727
squeezenet,ISIC_0012758,saliency,relevance_mass_accuracy,0.25895342230796814
squeezenet,ISIC_0012758,gradcam,faithfulness_correlation,0.46321338415145874
squeezenet,ISIC_0012758,gradcam,max_sensitivity,0.6130637526512146
squeezenet,ISIC_0012758,gradcam,relevance_mass_accuracy,0.4289962947368622
squeezenet,ISIC_0012758,deep_lift,faithfulness_correlation,0.030970275402069092
squeezenet,ISIC_0012758,deep_lift,max_sensitivity,1.3228269815444946
squeezenet,ISIC_0012758,deep_lift,relevance_mass_accuracy,0.5250897407531738
squeezenet,ISIC_0012758,guided_backprop,faithfulness_correlation,-0.009792880155146122
squeezenet,ISIC_0012758,guided_backprop,max_sensitivity,1.0402249097824097
squeezenet,ISIC_0012758,guided_backprop,relevance_mass_accuracy,-1.550048589706421
squeezenet,ISIC_0012758,lrp,faithfulness_correlation,-0.12534630298614502
squeezenet,ISIC_0012758,lrp,max_sensitivity,1.272400975227356
squeezenet,ISIC_0012758,lrp,relevance_mass_accuracy,-1.7885760068893433
squeezenet,ISIC_0012758,occlusion,faithfulness_correlation,0.5848130583763123
squeezenet,ISIC_0012758,occlusion,max_sensitivity,0.34571316838264465
squeezenet,ISIC_0012758,occlusion,relevance_mass_accuracy,0.6152924299240112
resnet18,ISIC_0012989,integrated_gradients,faithfulness_correlation,0.08879360556602478
resnet18,ISIC_0012989,integrated_gradients,max_sensitivity,1.2375788688659668
resnet18,ISIC_0012989,integrated_gradients,relevance_mass_accuracy,28.926633834838867
resnet18,ISIC_0012989,saliency,faithfulness_correlation,-0.13018231093883514
resnet18,ISIC_0012989,saliency,max_sensitivity,0.8368191123008728
resnet18,ISIC_0012989,saliency,relevance_mass_accuracy,0.09419503062963486
resnet18,ISIC_0012989,gradcam,faithfulness_correlation,0.17360198497772217
resnet18,ISIC_0012989,gradcam,max_sensitivity,1.5448801517486572
resnet18,ISIC_0012989,gradcam,relevance_mass_accuracy,0.07939311861991882
resnet18,ISIC_0012989,deep_lift,faithfulness_correlation,-0.022703470662236214
resnet18,ISIC_0012989,deep_lift,max_sensitivity,1.196189522743225
resnet18,ISIC_0012989,deep_lift,relevance_mass_accuracy,-2.2290780544281006
resnet18,ISIC_0012989,guided_backprop,faithfulness_correlation,-0.08327627182006836
resnet18,ISIC_0012989,guided_backprop,max_sensitivity,0.794643759727478
resnet18,ISIC_0012989,guided_backprop,relevance_mass_accuracy,1.0096189975738525
resnet18,ISIC_0012989,lrp,faithfulness_correlation,-0.19535329937934875
resnet18,ISIC_0012989,lrp,max_sensitivity,16.02605438232422
resnet18,ISIC_0012989,lrp,relevance_mass_accuracy,-0.0004965470288880169
resnet18,ISIC_0012989,occlusion,faithfulness_correlation,0.011514200828969479
resnet18,ISIC_0012989,occlusion,max_sensitivity,1.0913975238800049
resnet18,ISIC_0012989,occlusion,relevance_mass_accuracy,0.14230036735534668
squeezenet,ISIC_0012989,integrated_gradients,faithfulness_correlation,0.01904158666729927
squeezenet,ISIC_0012989,integrated_gradients,max_sensitivity,1.4744778871536255
squeezenet,ISIC_0012989,integrated_gradients,relevance_mass_accuracy,0.6360265016555786
squeezenet,ISIC_0012989,saliency,faithfulness_correlation,0.08726412057876587
squeezenet,ISIC_0012989,saliency,max_sensitivity,0.9975625872612
squeezenet,ISIC_0012989,saliency,relevance_mass_accuracy,0.2761770486831665
squeezenet,ISIC_0012989,gradcam,faithfulness_correlation,0.3762168288230896
squeezenet,ISIC_0012989,gradcam,max_sensitivity,0.6068190336227417
squeezenet,ISIC_0012989,gradcam,relevance_mass_accuracy,0.4832038879394531
squeezenet,ISIC_0012989,deep_lift,faithfulness_correlation,0.01027187705039978
squeezenet,ISIC_0012989,deep_lift,max_sensitivity,1.4427591562271118
squeezenet,ISIC_0012989,deep_lift,relevance_mass_accuracy,1.7638572454452515
squeezenet,ISIC_0012989,guided_backprop,faithfulness_correlation,-0.05658090114593506
squeezenet,ISIC_0012989,guided_backprop,max_sensitivity,1.0475273132324219
squeezenet,ISIC_0012989,guided_backprop,relevance_mass_accuracy,-0.24917399883270264
squeezenet,ISIC_0012989,lrp,faithfulness_correlation,-0.03640347346663475
squeezenet,ISIC_0012989,lrp,max_sensitivity,1.4090464115142822
squeezenet,ISIC_0012989,lrp,relevance_mass_accuracy,-1.4569522142410278
squeezenet,ISIC_0012989,occlusion,faithfulness_correlation,0.35759472846984863
squeezenet,ISIC_0012989,occlusion,max_sensitivity,1.010911464691162
squeezenet,ISIC_0012989,occlusion,relevance_mass_accuracy,0.3713708519935608
resnet18,ISIC_0013072,integrated_gradients,faithfulness_correlation,-0.09825430810451508
resnet18,ISIC_0013072,integrated_gradients,max_sensitivity,1.3102937936782837
resnet18,ISIC_0013072,integrated_gradients,relevance_mass_accuracy,0.8815266489982605
resnet18,ISIC_0013072,saliency,faithfulness_correlation,-0.04060642793774605
resnet18,ISIC_0013072,saliency,max_sensitivity,0.8595460653305054
resnet18,ISIC_0013072,saliency,relevance_mass_accuracy,0.35205546021461487
resnet18,ISIC_0013072,gradcam,faithfulness_correlation,0.22078467905521393
resnet18,ISIC_0013072,gradcam,max_sensitivity,2.9006314277648926
resnet18,ISIC_0013072,gradcam,relevance_mass_accuracy,0.5256321430206299
resnet18,ISIC_0013072,deep_lift,faithfulness_correlation,0.0790683701634407
resnet18,ISIC_0013072,deep_lift,max_sensitivity,1.286855936050415
resnet18,ISIC_0013072,deep_lift,relevance_mass_accuracy,0.24694576859474182
resnet18,ISIC_0013072,guided_backprop,faithfulness_correlation,-0.08346863836050034
resnet18,ISIC_0013072,guided_backprop,max_sensitivity,0.988480269908905
resnet18,ISIC_0013072,guided_backprop,relevance_mass_accuracy,-9.795018196105957
resnet18,ISIC_0013072,lrp,faithfulness_correlation,0.019210195168852806
resnet18,ISIC_0013072,lrp,max_sensitivity,158.70407104492188
resnet18,ISIC_0013072,lrp,relevance_mass_accuracy,0.007358010392636061
resnet18,ISIC_0013072,occlusion,faithfulness_correlation,0.03642462566494942
resnet18,ISIC_0013072,occlusion,max_sensitivity,1.611631155014038
resnet18,ISIC_0013072,occlusion,relevance_mass_accuracy,0.10788457840681076
squeezenet,ISIC_0013072,integrated_gradients,faithfulness_correlation,0.02457142248749733
squeezenet,ISIC_0013072,integrated_gradients,max_sensitivity,1.7944362163543701
squeezenet,ISIC_0013072,integrated_gradients,relevance_mass_accuracy,1.1343640089035034
squeezenet,ISIC_0013072,saliency,faithfulness_correlation,0.22115643322467804
squeezenet,ISIC_0013072,saliency,max_sensitivity,0.9048061370849609
squeezenet,ISIC_0013072,saliency,relevance_mass_accuracy,0.5302271842956543
squeezenet,ISIC_0013072,gradcam,faithfulness_correlation,0.3137003183364868
squeezenet,ISIC_0013072,gradcam,max_sensitivity,0.9731354117393494
squeezenet,ISIC_0013072,gradcam,relevance_mass_accuracy,0.7242077589035034
squeezenet,ISIC_0013072,deep_lift,faithfulness_correlation,-0.08366791158914566
squeezenet,ISIC_0013072,deep_lift,max_sensitivity,1.3739275932312012
squeezenet,ISIC_0013072,deep_lift,relevance_mass_accuracy,2.155282497406006
squeezenet,ISIC_0013072,guided_backprop,faithfulness_correlation,0.08002199977636337
squeezenet,ISIC_0013072,guided_backprop,max_sensitivity,1.2242060899734497
squeezenet,ISIC_0013072,guided_backprop,relevance_mass_accuracy,0.44470882415771484
squeezenet,ISIC_0013072,lrp,faithfulness_correlation,0.045393917709589005
squeezenet,ISIC_0013072,lrp,max_sensitivity,1.2367262840270996
squeezenet,ISIC_0013072,lrp,relevance_mass_accuracy,0.7268469333648682
squeezenet,ISIC_0013072,occlusion,faithfulness_correlation,0.3962956666946411
squeezenet,ISIC_0013072,occlusion,max_sensitivity,2.0029969215393066
squeezenet,ISIC_0013072,occlusion,relevance_mass_accuracy,1.3532745838165283
resnet18,ISIC_0013073,integrated_gradients,faithfulness_correlation,-0.033804744482040405
resnet18,ISIC_0013073,integrated_gradients,max_sensitivity,1.302180528640747
resnet18,ISIC_0013073,integrated_gradients,relevance_mass_accuracy,-12.15054988861084
resnet18,ISIC_0013073,saliency,faithfulness_correlation,-0.056198637932538986
resnet18,ISIC_0013073,saliency,max_sensitivity,0.8814643621444702
resnet18,ISIC_0013073,saliency,relevance_mass_accuracy,0.6902869939804077
resnet18,ISIC_0013073,gradcam,faithfulness_correlation,0.20762185752391815
resnet18,ISIC_0013073,gradcam,max_sensitivity,1.3954838514328003
resnet18,ISIC_0013073,gradcam,relevance_mass_accuracy,0.8243710398674011
resnet18,ISIC_0013073,deep_lift,faithfulness_correlation,0.2145720273256302
resnet18,ISIC_0013073,deep_lift,max_sensitivity,1.2677829265594482
resnet18,ISIC_0013073,deep_lift,relevance_mass_accuracy,-3.630675792694092
resnet18,ISIC_0013073,guided_backprop,faithfulness_correlation,0.026793260127305984
resnet18,ISIC_0013073,guided_backprop,max_sensitivity,0.9780802726745605
resnet18,ISIC_0013073,guided_backprop,relevance_mass_accuracy,1.1914057731628418
resnet18,ISIC_0013073,lrp,faithfulness_correlation,-0.12895812094211578
resnet18,ISIC_0013073,lrp,max_sensitivity,2.1821281909942627
resnet18,ISIC_0013073,lrp,relevance_mass_accuracy,-0.09308125078678131
resnet18,ISIC_0013073,occlusion,faithfulness_correlation,-0.16664893925189972
resnet18,ISIC_0013073,occlusion,max_sensitivity,1.5533493757247925
resnet18,ISIC_0013073,occlusion,relevance_mass_accuracy,2.7354207038879395
squeezenet,ISIC_0013073,integrated_gradients,faithfulness_correlation,-0.01592293381690979
squeezenet,ISIC_0013073,integrated_gradients,max_sensitivity,1.4996310472488403
squeezenet,ISIC_0013073,integrated_gradients,relevance_mass_accuracy,1.579595685005188
squeezenet,ISIC_0013073,saliency,faithfulness_correlation,0.14079515635967255
squeezenet,ISIC_0013073,saliency,max_sensitivity,0.9735391139984131
squeezenet,ISIC_0013073,saliency,relevance_mass_accuracy,0.7935256958007812
squeezenet,ISIC_0013073,gradcam,faithfulness_correlation,0.5118573904037476
squeezenet,ISIC_0013073,gradcam,max_sensitivity,0.6717837452888489
squeezenet,ISIC_0013073,gradcam,relevance_mass_accuracy,0.9989135265350342
squeezenet,ISIC_0013073,deep_lift,faithfulness_correlation,0.08790789544582367
squeezenet,ISIC_0013073,deep_lift,max_sensitivity,1.336237907409668
squeezenet,ISIC_0013073,deep_lift,relevance_mass_accuracy,1.7956569194793701
squeezenet,ISIC_0013073,guided_backprop,faithfulness_correlation,-0.11615350842475891
squeezenet,ISIC_0013073,guided_backprop,max_sensitivity,1.2226992845535278
squeezenet,ISIC_0013073,guided_backprop,relevance_mass_accuracy,0.6111624836921692
squeezenet,ISIC_0013073,lrp,faithfulness_correlation,-0.016239982098340988
squeezenet,ISIC_0013073,lrp,max_sensitivity,1.2816389799118042
squeezenet,ISIC_0013073,lrp,relevance_mass_accuracy,1.262372612953186
squeezenet,ISIC_0013073,occlusion,faithfulness_correlation,0.3843676745891571
squeezenet,ISIC_0013073,occlusion,max_sensitivity,1.3162778615951538
squeezenet,ISIC_0013073,occlusion,relevance_mass_accuracy,0.9036879539489746
resnet18,ISIC_0013242,integrated_gradients,faithfulness_correlation,-0.11623035371303558
resnet18,ISIC_0013242,integrated_gradients,max_sensitivity,1.275173544883728
resnet18,ISIC_0013242,integrated_gradients,relevance_mass_accuracy,-6.771901607513428
resnet18,ISIC_0013242,saliency,faithfulness_correlation,-0.06567427515983582
resnet18,ISIC_0013242,saliency,max_sensitivity,0.8579242825508118
resnet18,ISIC_0013242,saliency,relevance_mass_accuracy,0.1568472534418106
resnet18,ISIC_0013242,gradcam,faithfulness_correlation,0.1761794090270996
resnet18,ISIC_0013242,gradcam,max_sensitivity,0.6206778287887573
resnet18,ISIC_0013242,gradcam,relevance_mass_accuracy,0.2146686464548111
resnet18,ISIC_0013242,deep_lift,faithfulness_correlation,-0.053558092564344406
resnet18,ISIC_0013242,deep_lift,max_sensitivity,1.3858381509780884
resnet18,ISIC_0013242,deep_lift,relevance_mass_accuracy,2.7808828353881836
resnet18,ISIC_0013242,guided_backprop,faithfulness_correlation,-0.034341003745794296
resnet18,ISIC_0013242,guided_backprop,max_sensitivity,1.089772343635559
resnet18,ISIC_0013242,guided_backprop,relevance_mass_accuracy,0.269809752702713
resnet18,ISIC_0013242,lrp,faithfulness_correlation,-0.04850323498249054
resnet18,ISIC_0013242,lrp,max_sensitivity,1.013771414756775
resnet18,ISIC_0013242,lrp,relevance_mass_accuracy,0.8005392551422119
resnet18,ISIC_0013242,occlusion,faithfulness_correlation,-0.1610104888677597
resnet18,ISIC_0013242,occlusion,max_sensitivity,1.1558314561843872
resnet18,ISIC_0013242,occlusion,relevance_mass_accuracy,-0.034268591552972794
squeezenet,ISIC_0013242,integrated_gradients,faithfulness_correlation,-0.050313904881477356
squeezenet,ISIC_0013242,integrated_gradients,max_sensitivity,1.303068995475769
squeezenet,ISIC_0013242,integrated_gradients,relevance_mass_accuracy,1.6429681777954102
squeezenet,ISIC_0013242,saliency,faithfulness_correlation,0.2246016561985016
squeezenet,ISIC_0013242,saliency,max_sensitivity,0.9637408256530762
squeezenet,ISIC_0013242,saliency,relevance_mass_accuracy,0.1973831206560135
squeezenet,ISIC_0013242,gradcam,faithfulness_correlation,0.3754628002643585
squeezenet,ISIC_0013242,gradcam,max_sensitivity,0.4238123893737793
squeezenet,ISIC_0013242,gradcam,relevance_mass_accuracy,0.4536815583705902
squeezenet,ISIC_0013242,deep_lift,faithfulness_correlation,-0.08882077038288116
squeezenet,ISIC_0013242,deep_lift,max_sensitivity,1.2477625608444214
squeezenet,ISIC_0013242,deep_lift,relevance_mass_accuracy,1.9328759908676147
squeezenet,ISIC_0013242,guided_backprop,faithfulness_correlation,-0.05786551535129547
squeezenet,ISIC_0013242,guided_backprop,max_sensitivity,0.9702166318893433
squeezenet,ISIC_0013242,guided_backprop,relevance_mass_accuracy,-0.2929717004299164
squeezenet,ISIC_0013242,lrp,faithfulness_correlation,-0.07332094758749008
squeezenet,ISIC_0013242,lrp,max_sensitivity,1.4385031461715698
squeezenet,ISIC_0013242,lrp,relevance_mass_accuracy,1.5666409730911255
squeezenet,ISIC_0013242,occlusion,faithfulness_correlation,0.32626616954803467
squeezenet,ISIC_0013242,occlusion,max_sensitivity,0.6807659268379211
squeezenet,ISIC_0013242,occlusion,relevance_mass_accuracy,0.3747612237930298
resnet18,ISIC_0013277,integrated_gradients,faithfulness_correlation,0.025764605030417442
resnet18,ISIC_0013277,integrated_gradients,max_sensitivity,1.2231860160827637
resnet18,ISIC_0013277,integrated_gradients,relevance_mass_accuracy,1.8506405353546143
resnet18,ISIC_0013277,saliency,faithfulness_correlation,0.1089669018983841
resnet18,ISIC_0013277,saliency,max_sensitivity,0.8423961400985718
resnet18,ISIC_0013277,saliency,relevance_mass_accuracy,0.4107282757759094
resnet18,ISIC_0013277,gradcam,faithfulness_correlation,0.21237842738628387
resnet18,ISIC_0013277,gradcam,max_sensitivity,0.40650272369384766
resnet18,ISIC_0013277,gradcam,relevance_mass_accuracy,0.4925970137119293
resnet18,ISIC_0013277,deep_lift,faithfulness_correlation,0.05127881467342377
resnet18,ISIC_0013277,deep_lift,max_sensitivity,1.1709648370742798
resnet18,ISIC_0013277,deep_lift,relevance_mass_accuracy,1.246636152267456
resnet18,ISIC_0013277,guided_backprop,faithfulness_correlation,0.11417229473590851
resnet18,ISIC_0013277,guided_backprop,max_sensitivity,0.7673972249031067
resnet18,ISIC_0013277,guided_backprop,relevance_mass_accuracy,0.4250640869140625
resnet18,ISIC_0013277,lrp,faithfulness_correlation,0.11078722029924393
resnet18,ISIC_0013277,lrp,max_sensitivity,1579.3133544921875
resnet18,ISIC_0013277,lrp,relevance_mass_accuracy,0.7949700355529785
resnet18,ISIC_0013277,occlusion,faithfulness_correlation,-0.10392730683088303
resnet18,ISIC_0013277,occlusion,max_sensitivity,1.5740936994552612
resnet18,ISIC_0013277,occlusion,relevance_mass_accuracy,0.6076594591140747
squeezenet,ISIC_0013277,integrated_gradients,faithfulness_correlation,-0.07433175295591354
squeezenet,ISIC_0013277,integrated_gradients,max_sensitivity,1.3905420303344727
squeezenet,ISIC_0013277,integrated_gradients,relevance_mass_accuracy,3.138352394104004
squeezenet,ISIC_0013277,saliency,faithfulness_correlation,0.0024377163499593735
squeezenet,ISIC_0013277,saliency,max_sensitivity,0.9056631326675415
squeezenet,ISIC_0013277,saliency,relevance_mass_accuracy,0.6869756579399109
squeezenet,ISIC_0013277,gradcam,faithfulness_correlation,0.19656583666801453
squeezenet,ISIC_0013277,gradcam,max_sensitivity,0.5943554639816284
squeezenet,ISIC_0013277,gradcam,relevance_mass_accuracy,0.9863641262054443
squeezenet,ISIC_0013277,deep_lift,faithfulness_correlation,-0.26715973019599915
squeezenet,ISIC_0013277,deep_lift,max_sensitivity,1.2335410118103027
squeezenet,ISIC_0013277,deep_lift,relevance_mass_accuracy,6.466339111328125
squeezenet,ISIC_0013277,guided_backprop,faithfulness_correlation,0.013554802164435387
squeezenet,ISIC_0013277,guided_backprop,max_sensitivity,1.1058285236358643
squeezenet,ISIC_0013277,guided_backprop,relevance_mass_accuracy,0.9856896996498108
squeezenet,ISIC_0013277,lrp,faithfulness_correlation,-0.09044472128152847
squeezenet,ISIC_0013277,lrp,max_sensitivity,1.1568613052368164
squeezenet,ISIC_0013277,lrp,relevance_mass_accuracy,1.8892048597335815
squeezenet,ISIC_0013277,occlusion,faithfulness_correlation,0.11277372390031815
squeezenet,ISIC_0013277,occlusion,max_sensitivity,1.1164485216140747
squeezenet,ISIC_0013277,occlusion,relevance_mass_accuracy,0.8494998812675476
resnet18,ISIC_0013321,integrated_gradients,faithfulness_correlation,-0.021397115662693977
resnet18,ISIC_0013321,integrated_gradients,max_sensitivity,1.2148702144622803
resnet18,ISIC_0013321,integrated_gradients,relevance_mass_accuracy,0.8612272143363953
resnet18,ISIC_0013321,saliency,faithfulness_correlation,0.20378020405769348
resnet18,ISIC_0013321,saliency,max_sensitivity,0.8472580313682556
resnet18,ISIC_0013321,saliency,relevance_mass_accuracy,0.6099871397018433
resnet18,ISIC_0013321,gradcam,faithfulness_correlation,-0.04891836643218994
resnet18,ISIC_0013321,gradcam,max_sensitivity,1.0762542486190796
resnet18,ISIC_0013321,gradcam,relevance_mass_accuracy,0.7394181489944458
resnet18,ISIC_0013321,deep_lift,faithfulness_correlation,-0.22309735417366028
resnet18,ISIC_0013321,deep_lift,max_sensitivity,1.1300275325775146
resnet18,ISIC_0013321,deep_lift,relevance_mass_accuracy,0.7321273684501648
resnet18,ISIC_0013321,guided_backprop,faithfulness_correlation,0.008176850154995918
resnet18,ISIC_0013321,guided_backprop,max_sensitivity,1.6662960052490234
resnet18,ISIC_0013321,guided_backprop,relevance_mass_accuracy,0.9448596835136414
resnet18,ISIC_0013321,lrp,faithfulness_correlation,0.02533642202615738
resnet18,ISIC_0013321,lrp,max_sensitivity,12.134356498718262
resnet18,ISIC_0013321,lrp,relevance_mass_accuracy,-0.44113975763320923
resnet18,ISIC_0013321,occlusion,faithfulness_correlation,0.13312901556491852
resnet18,ISIC_0013321,occlusion,max_sensitivity,1.4708268642425537
resnet18,ISIC_0013321,occlusion,relevance_mass_accuracy,0.7544987201690674
squeezenet,ISIC_0013321,integrated_gradients,faithfulness_correlation,-0.06540104746818542
squeezenet,ISIC_0013321,integrated_gradients,max_sensitivity,1.3623751401901245
squeezenet,ISIC_0013321,integrated_gradients,relevance_mass_accuracy,0.6259758472442627
squeezenet,ISIC_0013321,saliency,faithfulness_correlation,0.07035530358552933
squeezenet,ISIC_0013321,saliency,max_sensitivity,0.9260783791542053
squeezenet,ISIC_0013321,saliency,relevance_mass_accuracy,0.6681711673736572
squeezenet,ISIC_0013321,gradcam,faithfulness_correlation,0.2623268961906433
squeezenet,ISIC_0013321,gradcam,max_sensitivity,0.7578629851341248
squeezenet,ISIC_0013321,gradcam,relevance_mass_accuracy,0.7895179986953735
squeezenet,ISIC_0013321,deep_lift,faithfulness_correlation,0.027699509635567665
squeezenet,ISIC_0013321,deep_lift,max_sensitivity,1.1963045597076416
squeezenet,ISIC_0013321,deep_lift,relevance_mass_accuracy,0.7254340052604675
squeezenet,ISIC_0013321,guided_backprop,faithfulness_correlation,-0.019065095111727715
squeezenet,ISIC_0013321,guided_backprop,max_sensitivity,0.9960633516311646
squeezenet,ISIC_0013321,guided_backprop,relevance_mass_accuracy,0.49153807759284973
squeezenet,ISIC_0013321,lrp,faithfulness_correlation,-0.1270364671945572
squeezenet,ISIC_0013321,lrp,max_sensitivity,1.2662609815597534
squeezenet,ISIC_0013321,lrp,relevance_mass_accuracy,0.272819459438324
squeezenet,ISIC_0013321,occlusion,faithfulness_correlation,0.32845956087112427
squeezenet,ISIC_0013321,occlusion,max_sensitivity,0.9530701041221619
squeezenet,ISIC_0013321,occlusion,relevance_mass_accuracy,0.45020991563796997
