model,image_id,fae_method,metric,score,error
resnet18,ISIC_0013636,ensemble,faithfulness_correlation,0.09571845084428787,
resnet18,ISIC_0013636,ensemble,pixel_flipping,88.52265167236328,
resnet18,ISIC_0013636,ensemble,max_sensitivity,,nan
resnet18,ISIC_0013636,ensemble,avg_sensitivity,,nan
resnet18,ISIC_0013636,ensemble,relevance_mass_accuracy,0.5396276116371155,
resnet18,ISIC_0013636,ensemble,pointing_game,0.0,
resnet18,ISIC_0013636,ensemble,sparseness,0.46641097509936436,
resnet18,ISIC_0013636,ensemble,complexity,11.540400505065918,
resnet18,ISIC_0013636,ensemble,model_parameter_randomisation,,nan
resnet18,ISIC_0013636,ensemble,random_logit,,nan
resnet18,ISIC_0013636,ensemble,completeness,,nan
resnet18,ISIC_0013636,ensemble,non_sensitivity,,nan
squeezenet,ISIC_0013636,ensemble,faithfulness_correlation,0.19640231132507324,
squeezenet,ISIC_0013636,ensemble,pixel_flipping,189.85296630859375,
squeezenet,ISIC_0013636,ensemble,max_sensitivity,,nan
squeezenet,ISIC_0013636,ensemble,avg_sensitivity,,nan
squeezenet,ISIC_0013636,ensemble,relevance_mass_accuracy,0.8334143757820129,
squeezenet,ISIC_0013636,ensemble,pointing_game,1.0,
squeezenet,ISIC_0013636,ensemble,sparseness,0.6087491293281844,
squeezenet,ISIC_0013636,ensemble,complexity,11.229079246520996,
squeezenet,ISIC_0013636,ensemble,model_parameter_randomisation,,nan
squeezenet,ISIC_0013636,ensemble,random_logit,,nan
squeezenet,ISIC_0013636,ensemble,completeness,,nan
squeezenet,ISIC_0013636,ensemble,non_sensitivity,,nan
resnet18,ISIC_0013867,ensemble,faithfulness_correlation,-0.10958308726549149,
resnet18,ISIC_0013867,ensemble,pixel_flipping,523.6000366210938,
resnet18,ISIC_0013867,ensemble,max_sensitivity,,nan
resnet18,ISIC_0013867,ensemble,avg_sensitivity,,nan
resnet18,ISIC_0013867,ensemble,relevance_mass_accuracy,0.7461232542991638,
resnet18,ISIC_0013867,ensemble,pointing_game,0.0,
resnet18,ISIC_0013867,ensemble,sparseness,0.506840601515846,
resnet18,ISIC_0013867,ensemble,complexity,11.470046997070312,
resnet18,ISIC_0013867,ensemble,model_parameter_randomisation,,nan
resnet18,ISIC_0013867,ensemble,random_logit,,nan
resnet18,ISIC_0013867,ensemble,completeness,,nan
resnet18,ISIC_0013867,ensemble,non_sensitivity,,nan
squeezenet,ISIC_0013867,ensemble,faithfulness_correlation,-0.1338566690683365,
squeezenet,ISIC_0013867,ensemble,pixel_flipping,190.08998107910156,
squeezenet,ISIC_0013867,ensemble,max_sensitivity,,nan
squeezenet,ISIC_0013867,ensemble,avg_sensitivity,,nan
squeezenet,ISIC_0013867,ensemble,relevance_mass_accuracy,0.9132978320121765,
squeezenet,ISIC_0013867,ensemble,pointing_game,1.0,
squeezenet,ISIC_0013867,ensemble,sparseness,0.6296579260970614,
squeezenet,ISIC_0013867,ensemble,complexity,11.159232139587402,
squeezenet,ISIC_0013867,ensemble,model_parameter_randomisation,,nan
squeezenet,ISIC_0013867,ensemble,random_logit,,nan
squeezenet,ISIC_0013867,ensemble,completeness,,nan
squeezenet,ISIC_0013867,ensemble,non_sensitivity,,nan
resnet18,ISIC_0013925,ensemble,faithfulness_correlation,-0.11331816762685776,
resnet18,ISIC_0013925,ensemble,pixel_flipping,34.130043029785156,
resnet18,ISIC_0013925,ensemble,max_sensitivity,,nan
resnet18,ISIC_0013925,ensemble,avg_sensitivity,,nan
resnet18,ISIC_0013925,ensemble,relevance_mass_accuracy,0.716096043586731,
resnet18,ISIC_0013925,ensemble,pointing_game,0.0,
resnet18,ISIC_0013925,ensemble,sparseness,0.4503259522740266,
resnet18,ISIC_0013925,ensemble,complexity,11.563467979431152,
resnet18,ISIC_0013925,ensemble,model_parameter_randomisation,,nan
resnet18,ISIC_0013925,ensemble,random_logit,,nan
resnet18,ISIC_0013925,ensemble,completeness,,nan
resnet18,ISIC_0013925,ensemble,non_sensitivity,,nan
squeezenet,ISIC_0013925,ensemble,faithfulness_correlation,-0.26931968331336975,
squeezenet,ISIC_0013925,ensemble,pixel_flipping,50.71839904785156,
squeezenet,ISIC_0013925,ensemble,max_sensitivity,,nan
squeezenet,ISIC_0013925,ensemble,avg_sensitivity,,nan
squeezenet,ISIC_0013925,ensemble,relevance_mass_accuracy,0.5204248428344727,
squeezenet,ISIC_0013925,ensemble,pointing_game,0.0,
squeezenet,ISIC_0013925,ensemble,sparseness,0.5647984874246381,
squeezenet,ISIC_0013925,ensemble,complexity,11.328279495239258,
squeezenet,ISIC_0013925,ensemble,model_parameter_randomisation,,nan
squeezenet,ISIC_0013925,ensemble,random_logit,,nan
squeezenet,ISIC_0013925,ensemble,completeness,,nan
squeezenet,ISIC_0013925,ensemble,non_sensitivity,,nan
resnet18,ISIC_0014077,ensemble,faithfulness_correlation,0.08983265608549118,
resnet18,ISIC_0014077,ensemble,pixel_flipping,526.5826416015625,
resnet18,ISIC_0014077,ensemble,max_sensitivity,,nan
resnet18,ISIC_0014077,ensemble,avg_sensitivity,,nan
resnet18,ISIC_0014077,ensemble,relevance_mass_accuracy,0.44520658254623413,
resnet18,ISIC_0014077,ensemble,pointing_game,0.0,
resnet18,ISIC_0014077,ensemble,sparseness,0.4553675672402275,
resnet18,ISIC_0014077,ensemble,complexity,11.560291290283203,
resnet18,ISIC_0014077,ensemble,model_parameter_randomisation,,nan
resnet18,ISIC_0014077,ensemble,random_logit,,nan
resnet18,ISIC_0014077,ensemble,completeness,,nan
resnet18,ISIC_0014077,ensemble,non_sensitivity,,nan
squeezenet,ISIC_0014077,ensemble,faithfulness_correlation,0.05806407704949379,
squeezenet,ISIC_0014077,ensemble,pixel_flipping,222.3624267578125,
squeezenet,ISIC_0014077,ensemble,max_sensitivity,,nan
squeezenet,ISIC_0014077,ensemble,avg_sensitivity,,nan
squeezenet,ISIC_0014077,ensemble,relevance_mass_accuracy,0.8562296628952026,
squeezenet,ISIC_0014077,ensemble,pointing_game,1.0,
squeezenet,ISIC_0014077,ensemble,sparseness,0.672182312472127,
squeezenet,ISIC_0014077,ensemble,complexity,11.048514366149902,
squeezenet,ISIC_0014077,ensemble,model_parameter_randomisation,,nan
squeezenet,ISIC_0014077,ensemble,random_logit,,nan
squeezenet,ISIC_0014077,ensemble,completeness,,nan
squeezenet,ISIC_0014077,ensemble,non_sensitivity,,nan
resnet18,ISIC_0014103,ensemble,faithfulness_correlation,-0.07520822435617447,
resnet18,ISIC_0014103,ensemble,pixel_flipping,535.76806640625,
resnet18,ISIC_0014103,ensemble,max_sensitivity,,nan
resnet18,ISIC_0014103,ensemble,avg_sensitivity,,nan
resnet18,ISIC_0014103,ensemble,relevance_mass_accuracy,0.5552991628646851,
resnet18,ISIC_0014103,ensemble,pointing_game,1.0,
resnet18,ISIC_0014103,ensemble,sparseness,0.5133330706118735,
resnet18,ISIC_0014103,ensemble,complexity,11.437173843383789,
resnet18,ISIC_0014103,ensemble,model_parameter_randomisation,,nan
resnet18,ISIC_0014103,ensemble,random_logit,,nan
resnet18,ISIC_0014103,ensemble,completeness,,nan
resnet18,ISIC_0014103,ensemble,non_sensitivity,,nan
squeezenet,ISIC_0014103,ensemble,faithfulness_correlation,0.295053631067276,
squeezenet,ISIC_0014103,ensemble,pixel_flipping,236.98866271972656,
squeezenet,ISIC_0014103,ensemble,max_sensitivity,,nan
squeezenet,ISIC_0014103,ensemble,avg_sensitivity,,nan
squeezenet,ISIC_0014103,ensemble,relevance_mass_accuracy,0.8564855456352234,
squeezenet,ISIC_0014103,ensemble,pointing_game,1.0,
squeezenet,ISIC_0014103,ensemble,sparseness,0.6392696308629999,
squeezenet,ISIC_0014103,ensemble,complexity,11.104273796081543,
squeezenet,ISIC_0014103,ensemble,model_parameter_randomisation,,nan
squeezenet,ISIC_0014103,ensemble,random_logit,,nan
squeezenet,ISIC_0014103,ensemble,completeness,,nan
squeezenet,ISIC_0014103,ensemble,non_sensitivity,,nan
resnet18,ISIC_0014160,ensemble,faithfulness_correlation,0.1164865717291832,
resnet18,ISIC_0014160,ensemble,pixel_flipping,165.22154235839844,
resnet18,ISIC_0014160,ensemble,max_sensitivity,,nan
resnet18,ISIC_0014160,ensemble,avg_sensitivity,,nan
resnet18,ISIC_0014160,ensemble,relevance_mass_accuracy,0.14488883316516876,
resnet18,ISIC_0014160,ensemble,pointing_game,1.0,
resnet18,ISIC_0014160,ensemble,sparseness,0.5113665183147625,
resnet18,ISIC_0014160,ensemble,complexity,11.43730640411377,
resnet18,ISIC_0014160,ensemble,model_parameter_randomisation,,nan
resnet18,ISIC_0014160,ensemble,random_logit,,nan
resnet18,ISIC_0014160,ensemble,completeness,,nan
resnet18,ISIC_0014160,ensemble,non_sensitivity,,nan
squeezenet,ISIC_0014160,ensemble,faithfulness_correlation,0.1663244068622589,
squeezenet,ISIC_0014160,ensemble,pixel_flipping,244.90805053710938,
squeezenet,ISIC_0014160,ensemble,max_sensitivity,,nan
squeezenet,ISIC_0014160,ensemble,avg_sensitivity,,nan
squeezenet,ISIC_0014160,ensemble,relevance_mass_accuracy,0.3472418189048767,
squeezenet,ISIC_0014160,ensemble,pointing_game,1.0,
squeezenet,ISIC_0014160,ensemble,sparseness,0.7146875255804039,
squeezenet,ISIC_0014160,ensemble,complexity,10.839726448059082,
squeezenet,ISIC_0014160,ensemble,model_parameter_randomisation,,nan
squeezenet,ISIC_0014160,ensemble,random_logit,,nan
squeezenet,ISIC_0014160,ensemble,completeness,,nan
squeezenet,ISIC_0014160,ensemble,non_sensitivity,,nan
resnet18,ISIC_0014181,ensemble,faithfulness_correlation,0.022864924743771553,
resnet18,ISIC_0014181,ensemble,pixel_flipping,119.00921630859375,
resnet18,ISIC_0014181,ensemble,max_sensitivity,,nan
resnet18,ISIC_0014181,ensemble,avg_sensitivity,,nan
resnet18,ISIC_0014181,ensemble,relevance_mass_accuracy,0.6321312785148621,
resnet18,ISIC_0014181,ensemble,pointing_game,0.0,
resnet18,ISIC_0014181,ensemble,sparseness,0.4786124004169931,
resnet18,ISIC_0014181,ensemble,complexity,11.519177436828613,
resnet18,ISIC_0014181,ensemble,model_parameter_randomisation,,nan
resnet18,ISIC_0014181,ensemble,random_logit,,nan
resnet18,ISIC_0014181,ensemble,completeness,,nan
resnet18,ISIC_0014181,ensemble,non_sensitivity,,nan
squeezenet,ISIC_0014181,ensemble,faithfulness_correlation,0.32469654083251953,
squeezenet,ISIC_0014181,ensemble,pixel_flipping,220.58181762695312,
squeezenet,ISIC_0014181,ensemble,max_sensitivity,,nan
squeezenet,ISIC_0014181,ensemble,avg_sensitivity,,nan
squeezenet,ISIC_0014181,ensemble,relevance_mass_accuracy,1.0804203748703003,
squeezenet,ISIC_0014181,ensemble,pointing_game,1.0,
squeezenet,ISIC_0014181,ensemble,sparseness,0.6021070330446456,
squeezenet,ISIC_0014181,ensemble,complexity,11.23537540435791,
squeezenet,ISIC_0014181,ensemble,model_parameter_randomisation,,nan
squeezenet,ISIC_0014181,ensemble,random_logit,,nan
squeezenet,ISIC_0014181,ensemble,completeness,,nan
squeezenet,ISIC_0014181,ensemble,non_sensitivity,,nan
resnet18,ISIC_0014506,ensemble,faithfulness_correlation,0.11565995216369629,
resnet18,ISIC_0014506,ensemble,pixel_flipping,97.30972290039062,
resnet18,ISIC_0014506,ensemble,max_sensitivity,,nan
resnet18,ISIC_0014506,ensemble,avg_sensitivity,,nan
resnet18,ISIC_0014506,ensemble,relevance_mass_accuracy,0.6873770952224731,
resnet18,ISIC_0014506,ensemble,pointing_game,1.0,
resnet18,ISIC_0014506,ensemble,sparseness,0.49986099481928753,
resnet18,ISIC_0014506,ensemble,complexity,11.485917091369629,
resnet18,ISIC_0014506,ensemble,model_parameter_randomisation,,nan
resnet18,ISIC_0014506,ensemble,random_logit,,nan
resnet18,ISIC_0014506,ensemble,completeness,,nan
resnet18,ISIC_0014506,ensemble,non_sensitivity,,nan
squeezenet,ISIC_0014506,ensemble,faithfulness_correlation,0.10695404559373856,
squeezenet,ISIC_0014506,ensemble,pixel_flipping,173.5201416015625,
squeezenet,ISIC_0014506,ensemble,max_sensitivity,,nan
squeezenet,ISIC_0014506,ensemble,avg_sensitivity,,nan
squeezenet,ISIC_0014506,ensemble,relevance_mass_accuracy,0.9962660074234009,
squeezenet,ISIC_0014506,ensemble,pointing_game,1.0,
squeezenet,ISIC_0014506,ensemble,sparseness,0.6064064489201934,
squeezenet,ISIC_0014506,ensemble,complexity,11.228960037231445,
squeezenet,ISIC_0014506,ensemble,model_parameter_randomisation,,nan
squeezenet,ISIC_0014506,ensemble,random_logit,,nan
squeezenet,ISIC_0014506,ensemble,completeness,,nan
squeezenet,ISIC_0014506,ensemble,non_sensitivity,,nan
resnet18,ISIC_0014912,ensemble,faithfulness_correlation,-0.008295221254229546,
resnet18,ISIC_0014912,ensemble,pixel_flipping,73.15782165527344,
resnet18,ISIC_0014912,ensemble,max_sensitivity,,nan
resnet18,ISIC_0014912,ensemble,avg_sensitivity,,nan
resnet18,ISIC_0014912,ensemble,relevance_mass_accuracy,0.5147396922111511,
resnet18,ISIC_0014912,ensemble,pointing_game,0.0,
resnet18,ISIC_0014912,ensemble,sparseness,0.4962147556573496,
resnet18,ISIC_0014912,ensemble,complexity,11.492074012756348,
resnet18,ISIC_0014912,ensemble,model_parameter_randomisation,,nan
resnet18,ISIC_0014912,ensemble,random_logit,,nan
resnet18,ISIC_0014912,ensemble,completeness,,nan
resnet18,ISIC_0014912,ensemble,non_sensitivity,,nan
squeezenet,ISIC_0014912,ensemble,faithfulness_correlation,0.016662562265992165,
squeezenet,ISIC_0014912,ensemble,pixel_flipping,187.28604125976562,
squeezenet,ISIC_0014912,ensemble,max_sensitivity,,nan
squeezenet,ISIC_0014912,ensemble,avg_sensitivity,,nan
squeezenet,ISIC_0014912,ensemble,relevance_mass_accuracy,0.7141321897506714,
squeezenet,ISIC_0014912,ensemble,pointing_game,1.0,
squeezenet,ISIC_0014912,ensemble,sparseness,0.57342337083037,
squeezenet,ISIC_0014912,ensemble,complexity,11.329224586486816,
squeezenet,ISIC_0014912,ensemble,model_parameter_randomisation,,nan
squeezenet,ISIC_0014912,ensemble,random_logit,,nan
squeezenet,ISIC_0014912,ensemble,completeness,,nan
squeezenet,ISIC_0014912,ensemble,non_sensitivity,,nan
resnet18,ISIC_0014982,ensemble,faithfulness_correlation,-0.053631722927093506,
resnet18,ISIC_0014982,ensemble,pixel_flipping,66.62559509277344,
resnet18,ISIC_0014982,ensemble,max_sensitivity,,nan
resnet18,ISIC_0014982,ensemble,avg_sensitivity,,nan
resnet18,ISIC_0014982,ensemble,relevance_mass_accuracy,0.6484917998313904,
resnet18,ISIC_0014982,ensemble,pointing_game,0.0,
resnet18,ISIC_0014982,ensemble,sparseness,0.46347835844674096,
resnet18,ISIC_0014982,ensemble,complexity,11.546333312988281,
resnet18,ISIC_0014982,ensemble,model_parameter_randomisation,,nan
resnet18,ISIC_0014982,ensemble,random_logit,,nan
resnet18,ISIC_0014982,ensemble,completeness,,nan
resnet18,ISIC_0014982,ensemble,non_sensitivity,,nan
squeezenet,ISIC_0014982,ensemble,faithfulness_correlation,0.20043306052684784,
squeezenet,ISIC_0014982,ensemble,pixel_flipping,302.38262939453125,
squeezenet,ISIC_0014982,ensemble,max_sensitivity,,nan
squeezenet,ISIC_0014982,ensemble,avg_sensitivity,,nan
squeezenet,ISIC_0014982,ensemble,relevance_mass_accuracy,0.7907342314720154,
squeezenet,ISIC_0014982,ensemble,pointing_game,1.0,
squeezenet,ISIC_0014982,ensemble,sparseness,0.6075661600028277,
squeezenet,ISIC_0014982,ensemble,complexity,11.238109588623047,
squeezenet,ISIC_0014982,ensemble,model_parameter_randomisation,,nan
squeezenet,ISIC_0014982,ensemble,random_logit,,nan
squeezenet,ISIC_0014982,ensemble,completeness,,nan
squeezenet,ISIC_0014982,ensemble,non_sensitivity,,nan
resnet18,ISIC_0015119,ensemble,faithfulness_correlation,0.13602899014949799,
resnet18,ISIC_0015119,ensemble,pixel_flipping,48.05955505371094,
resnet18,ISIC_0015119,ensemble,max_sensitivity,,nan
resnet18,ISIC_0015119,ensemble,avg_sensitivity,,nan
resnet18,ISIC_0015119,ensemble,relevance_mass_accuracy,0.8192999362945557,
resnet18,ISIC_0015119,ensemble,pointing_game,1.0,
resnet18,ISIC_0015119,ensemble,sparseness,0.4375131719854346,
resnet18,ISIC_0015119,ensemble,complexity,11.584919929504395,
resnet18,ISIC_0015119,ensemble,model_parameter_randomisation,,nan
resnet18,ISIC_0015119,ensemble,random_logit,,nan
resnet18,ISIC_0015119,ensemble,completeness,,nan
resnet18,ISIC_0015119,ensemble,non_sensitivity,,nan
squeezenet,ISIC_0015119,ensemble,faithfulness_correlation,0.1070907711982727,
squeezenet,ISIC_0015119,ensemble,pixel_flipping,319.3336486816406,
squeezenet,ISIC_0015119,ensemble,max_sensitivity,,nan
squeezenet,ISIC_0015119,ensemble,avg_sensitivity,,nan
squeezenet,ISIC_0015119,ensemble,relevance_mass_accuracy,0.9457656145095825,
squeezenet,ISIC_0015119,ensemble,pointing_game,1.0,
squeezenet,ISIC_0015119,ensemble,sparseness,0.5509263185797799,
squeezenet,ISIC_0015119,ensemble,complexity,11.374432563781738,
squeezenet,ISIC_0015119,ensemble,model_parameter_randomisation,,nan
squeezenet,ISIC_0015119,ensemble,random_logit,,nan
squeezenet,ISIC_0015119,ensemble,completeness,,nan
squeezenet,ISIC_0015119,ensemble,non_sensitivity,,nan
resnet18,ISIC_0015163,ensemble,faithfulness_correlation,-0.05313676595687866,
resnet18,ISIC_0015163,ensemble,pixel_flipping,42.864261627197266,
resnet18,ISIC_0015163,ensemble,max_sensitivity,,nan
resnet18,ISIC_0015163,ensemble,avg_sensitivity,,nan
resnet18,ISIC_0015163,ensemble,relevance_mass_accuracy,0.35360971093177795,
resnet18,ISIC_0015163,ensemble,pointing_game,0.0,
resnet18,ISIC_0015163,ensemble,sparseness,0.5112106616926023,
resnet18,ISIC_0015163,ensemble,complexity,11.463724136352539,
resnet18,ISIC_0015163,ensemble,model_parameter_randomisation,,nan
resnet18,ISIC_0015163,ensemble,random_logit,,nan
resnet18,ISIC_0015163,ensemble,completeness,,nan
resnet18,ISIC_0015163,ensemble,non_sensitivity,,nan
squeezenet,ISIC_0015163,ensemble,faithfulness_correlation,0.09286509454250336,
squeezenet,ISIC_0015163,ensemble,pixel_flipping,56.02191162109375,
squeezenet,ISIC_0015163,ensemble,max_sensitivity,,nan
squeezenet,ISIC_0015163,ensemble,avg_sensitivity,,nan
squeezenet,ISIC_0015163,ensemble,relevance_mass_accuracy,0.6488980650901794,
squeezenet,ISIC_0015163,ensemble,pointing_game,1.0,
squeezenet,ISIC_0015163,ensemble,sparseness,0.5777244395512648,
squeezenet,ISIC_0015163,ensemble,complexity,11.319842338562012,
squeezenet,ISIC_0015163,ensemble,model_parameter_randomisation,,nan
squeezenet,ISIC_0015163,ensemble,random_logit,,nan
squeezenet,ISIC_0015163,ensemble,completeness,,nan
squeezenet,ISIC_0015163,ensemble,non_sensitivity,,nan
resnet18,ISIC_0015206,ensemble,faithfulness_correlation,0.050243355333805084,
resnet18,ISIC_0015206,ensemble,pixel_flipping,592.4805908203125,
resnet18,ISIC_0015206,ensemble,max_sensitivity,,nan
resnet18,ISIC_0015206,ensemble,avg_sensitivity,,nan
resnet18,ISIC_0015206,ensemble,relevance_mass_accuracy,0.28476178646087646,
resnet18,ISIC_0015206,ensemble,pointing_game,0.0,
resnet18,ISIC_0015206,ensemble,sparseness,0.46355378272428177,
resnet18,ISIC_0015206,ensemble,complexity,11.550643920898438,
resnet18,ISIC_0015206,ensemble,model_parameter_randomisation,,nan
resnet18,ISIC_0015206,ensemble,random_logit,,nan
resnet18,ISIC_0015206,ensemble,completeness,,nan
resnet18,ISIC_0015206,ensemble,non_sensitivity,,nan
squeezenet,ISIC_0015206,ensemble,faithfulness_correlation,-0.05987217277288437,
squeezenet,ISIC_0015206,ensemble,pixel_flipping,314.15155029296875,
squeezenet,ISIC_0015206,ensemble,max_sensitivity,,nan
squeezenet,ISIC_0015206,ensemble,avg_sensitivity,,nan
squeezenet,ISIC_0015206,ensemble,relevance_mass_accuracy,0.4211285412311554,
squeezenet,ISIC_0015206,ensemble,pointing_game,1.0,
squeezenet,ISIC_0015206,ensemble,sparseness,0.584233311849516,
squeezenet,ISIC_0015206,ensemble,complexity,11.300089836120605,
squeezenet,ISIC_0015206,ensemble,model_parameter_randomisation,,nan
squeezenet,ISIC_0015206,ensemble,random_logit,,nan
squeezenet,ISIC_0015206,ensemble,completeness,,nan
squeezenet,ISIC_0015206,ensemble,non_sensitivity,,nan
resnet18,ISIC_0012708,ensemble,faithfulness_correlation,-0.11824513971805573,
resnet18,ISIC_0012708,ensemble,pixel_flipping,561.7252197265625,
resnet18,ISIC_0012708,ensemble,max_sensitivity,,nan
resnet18,ISIC_0012708,ensemble,avg_sensitivity,,nan
resnet18,ISIC_0012708,ensemble,relevance_mass_accuracy,0.14017724990844727,
resnet18,ISIC_0012708,ensemble,pointing_game,0.0,
resnet18,ISIC_0012708,ensemble,sparseness,0.4984900741612997,
resnet18,ISIC_0012708,ensemble,complexity,11.482349395751953,
resnet18,ISIC_0012708,ensemble,model_parameter_randomisation,,nan
resnet18,ISIC_0012708,ensemble,random_logit,,nan
resnet18,ISIC_0012708,ensemble,completeness,,nan
resnet18,ISIC_0012708,ensemble,non_sensitivity,,nan
squeezenet,ISIC_0012708,ensemble,faithfulness_correlation,0.4184296429157257,
squeezenet,ISIC_0012708,ensemble,pixel_flipping,405.648193359375,
squeezenet,ISIC_0012708,ensemble,max_sensitivity,,nan
squeezenet,ISIC_0012708,ensemble,avg_sensitivity,,nan
squeezenet,ISIC_0012708,ensemble,relevance_mass_accuracy,0.3307619094848633,
squeezenet,ISIC_0012708,ensemble,pointing_game,0.0,
squeezenet,ISIC_0012708,ensemble,sparseness,0.6776528150438305,
squeezenet,ISIC_0012708,ensemble,complexity,10.984514236450195,
squeezenet,ISIC_0012708,ensemble,model_parameter_randomisation,,nan
squeezenet,ISIC_0012708,ensemble,random_logit,,nan
squeezenet,ISIC_0012708,ensemble,completeness,,nan
squeezenet,ISIC_0012708,ensemble,non_sensitivity,,nan
resnet18,ISIC_0013794,ensemble,faithfulness_correlation,-0.08708435297012329,
resnet18,ISIC_0013794,ensemble,pixel_flipping,448.634033203125,
resnet18,ISIC_0013794,ensemble,max_sensitivity,,nan
resnet18,ISIC_0013794,ensemble,avg_sensitivity,,nan
resnet18,ISIC_0013794,ensemble,relevance_mass_accuracy,0.10253728926181793,
resnet18,ISIC_0013794,ensemble,pointing_game,0.0,
resnet18,ISIC_0013794,ensemble,sparseness,0.5387469158172298,
resnet18,ISIC_0013794,ensemble,complexity,11.401986122131348,
resnet18,ISIC_0013794,ensemble,model_parameter_randomisation,,nan
resnet18,ISIC_0013794,ensemble,random_logit,,nan
resnet18,ISIC_0013794,ensemble,completeness,,nan
resnet18,ISIC_0013794,ensemble,non_sensitivity,,nan
squeezenet,ISIC_0013794,ensemble,faithfulness_correlation,0.2265704721212387,
squeezenet,ISIC_0013794,ensemble,pixel_flipping,467.58203125,
squeezenet,ISIC_0013794,ensemble,max_sensitivity,,nan
squeezenet,ISIC_0013794,ensemble,avg_sensitivity,,nan
squeezenet,ISIC_0013794,ensemble,relevance_mass_accuracy,0.3318723738193512,
squeezenet,ISIC_0013794,ensemble,pointing_game,1.0,
squeezenet,ISIC_0013794,ensemble,sparseness,0.6862049175280637,
squeezenet,ISIC_0013794,ensemble,complexity,10.953306198120117,
squeezenet,ISIC_0013794,ensemble,model_parameter_randomisation,,nan
squeezenet,ISIC_0013794,ensemble,random_logit,,nan
squeezenet,ISIC_0013794,ensemble,completeness,,nan
squeezenet,ISIC_0013794,ensemble,non_sensitivity,,nan
resnet18,ISIC_0014867,ensemble,faithfulness_correlation,0.07559745013713837,
resnet18,ISIC_0014867,ensemble,pixel_flipping,601.6111450195312,
resnet18,ISIC_0014867,ensemble,max_sensitivity,,nan
resnet18,ISIC_0014867,ensemble,avg_sensitivity,,nan
resnet18,ISIC_0014867,ensemble,relevance_mass_accuracy,0.32689398527145386,
resnet18,ISIC_0014867,ensemble,pointing_game,1.0,
resnet18,ISIC_0014867,ensemble,sparseness,0.5214404727486948,
resnet18,ISIC_0014867,ensemble,complexity,11.438471794128418,
resnet18,ISIC_0014867,ensemble,model_parameter_randomisation,,nan
resnet18,ISIC_0014867,ensemble,random_logit,,nan
resnet18,ISIC_0014867,ensemble,completeness,,nan
resnet18,ISIC_0014867,ensemble,non_sensitivity,,nan
squeezenet,ISIC_0014867,ensemble,faithfulness_correlation,0.2844998240470886,
squeezenet,ISIC_0014867,ensemble,pixel_flipping,316.8750305175781,
squeezenet,ISIC_0014867,ensemble,max_sensitivity,,nan
squeezenet,ISIC_0014867,ensemble,avg_sensitivity,,nan
squeezenet,ISIC_0014867,ensemble,relevance_mass_accuracy,0.5983332395553589,
squeezenet,ISIC_0014867,ensemble,pointing_game,1.0,
squeezenet,ISIC_0014867,ensemble,sparseness,0.6654114962590691,
squeezenet,ISIC_0014867,ensemble,complexity,11.06126880645752,
squeezenet,ISIC_0014867,ensemble,model_parameter_randomisation,,nan
squeezenet,ISIC_0014867,ensemble,random_logit,,nan
squeezenet,ISIC_0014867,ensemble,completeness,,nan
squeezenet,ISIC_0014867,ensemble,non_sensitivity,,nan
resnet18,ISIC_0014868,ensemble,faithfulness_correlation,0.001072112238034606,
resnet18,ISIC_0014868,ensemble,pixel_flipping,573.7918701171875,
resnet18,ISIC_0014868,ensemble,max_sensitivity,,nan
resnet18,ISIC_0014868,ensemble,avg_sensitivity,,nan
resnet18,ISIC_0014868,ensemble,relevance_mass_accuracy,0.6219639182090759,
resnet18,ISIC_0014868,ensemble,pointing_game,0.0,
resnet18,ISIC_0014868,ensemble,sparseness,0.47465779593872265,
resnet18,ISIC_0014868,ensemble,complexity,11.527839660644531,
resnet18,ISIC_0014868,ensemble,model_parameter_randomisation,,nan
resnet18,ISIC_0014868,ensemble,random_logit,,nan
resnet18,ISIC_0014868,ensemble,completeness,,nan
resnet18,ISIC_0014868,ensemble,non_sensitivity,,nan
squeezenet,ISIC_0014868,ensemble,faithfulness_correlation,-0.03198451176285744,
squeezenet,ISIC_0014868,ensemble,pixel_flipping,246.79736328125,
squeezenet,ISIC_0014868,ensemble,max_sensitivity,,nan
squeezenet,ISIC_0014868,ensemble,avg_sensitivity,,nan
squeezenet,ISIC_0014868,ensemble,relevance_mass_accuracy,0.8763023018836975,
squeezenet,ISIC_0014868,ensemble,pointing_game,1.0,
squeezenet,ISIC_0014868,ensemble,sparseness,0.587818833899354,
squeezenet,ISIC_0014868,ensemble,complexity,11.294354438781738,
squeezenet,ISIC_0014868,ensemble,model_parameter_randomisation,,nan
squeezenet,ISIC_0014868,ensemble,random_logit,,nan
squeezenet,ISIC_0014868,ensemble,completeness,,nan
squeezenet,ISIC_0014868,ensemble,non_sensitivity,,nan
resnet18,ISIC_0014936,ensemble,faithfulness_correlation,0.04817616567015648,
resnet18,ISIC_0014936,ensemble,pixel_flipping,602.9322509765625,
resnet18,ISIC_0014936,ensemble,max_sensitivity,,nan
resnet18,ISIC_0014936,ensemble,avg_sensitivity,,nan
resnet18,ISIC_0014936,ensemble,relevance_mass_accuracy,0.37282514572143555,
resnet18,ISIC_0014936,ensemble,pointing_game,1.0,
resnet18,ISIC_0014936,ensemble,sparseness,0.48545208030577824,
resnet18,ISIC_0014936,ensemble,complexity,11.513948440551758,
resnet18,ISIC_0014936,ensemble,model_parameter_randomisation,,nan
resnet18,ISIC_0014936,ensemble,random_logit,,nan
resnet18,ISIC_0014936,ensemble,completeness,,nan
resnet18,ISIC_0014936,ensemble,non_sensitivity,,nan
squeezenet,ISIC_0014936,ensemble,faithfulness_correlation,0.2344314604997635,
squeezenet,ISIC_0014936,ensemble,pixel_flipping,267.468505859375,
squeezenet,ISIC_0014936,ensemble,max_sensitivity,,nan
squeezenet,ISIC_0014936,ensemble,avg_sensitivity,,nan
squeezenet,ISIC_0014936,ensemble,relevance_mass_accuracy,0.5277937650680542,
squeezenet,ISIC_0014936,ensemble,pointing_game,1.0,
squeezenet,ISIC_0014936,ensemble,sparseness,0.5984766403196735,
squeezenet,ISIC_0014936,ensemble,complexity,11.27280330657959,
squeezenet,ISIC_0014936,ensemble,model_parameter_randomisation,,nan
squeezenet,ISIC_0014936,ensemble,random_logit,,nan
squeezenet,ISIC_0014936,ensemble,completeness,,nan
squeezenet,ISIC_0014936,ensemble,non_sensitivity,,nan
resnet18,ISIC_0014943,ensemble,faithfulness_correlation,0.056296397000551224,
resnet18,ISIC_0014943,ensemble,pixel_flipping,609.629638671875,
resnet18,ISIC_0014943,ensemble,max_sensitivity,,nan
resnet18,ISIC_0014943,ensemble,avg_sensitivity,,nan
resnet18,ISIC_0014943,ensemble,relevance_mass_accuracy,0.2883009910583496,
resnet18,ISIC_0014943,ensemble,pointing_game,1.0,
resnet18,ISIC_0014943,ensemble,sparseness,0.47391213668042037,
resnet18,ISIC_0014943,ensemble,complexity,11.514656066894531,
resnet18,ISIC_0014943,ensemble,model_parameter_randomisation,,nan
resnet18,ISIC_0014943,ensemble,random_logit,,nan
resnet18,ISIC_0014943,ensemble,completeness,,nan
resnet18,ISIC_0014943,ensemble,non_sensitivity,,nan
squeezenet,ISIC_0014943,ensemble,faithfulness_correlation,0.09315513074398041,
squeezenet,ISIC_0014943,ensemble,pixel_flipping,329.85174560546875,
squeezenet,ISIC_0014943,ensemble,max_sensitivity,,nan
squeezenet,ISIC_0014943,ensemble,avg_sensitivity,,nan
squeezenet,ISIC_0014943,ensemble,relevance_mass_accuracy,0.3936028480529785,
squeezenet,ISIC_0014943,ensemble,pointing_game,1.0,
squeezenet,ISIC_0014943,ensemble,sparseness,0.6028850857295169,
squeezenet,ISIC_0014943,ensemble,complexity,11.242766380310059,
squeezenet,ISIC_0014943,ensemble,model_parameter_randomisation,,nan
squeezenet,ISIC_0014943,ensemble,random_logit,,nan
squeezenet,ISIC_0014943,ensemble,completeness,,nan
squeezenet,ISIC_0014943,ensemble,non_sensitivity,,nan
resnet18,ISIC_0014956,ensemble,faithfulness_correlation,-0.08845057338476181,
resnet18,ISIC_0014956,ensemble,pixel_flipping,578.5076904296875,
resnet18,ISIC_0014956,ensemble,max_sensitivity,,nan
resnet18,ISIC_0014956,ensemble,avg_sensitivity,,nan
resnet18,ISIC_0014956,ensemble,relevance_mass_accuracy,0.6334768533706665,
resnet18,ISIC_0014956,ensemble,pointing_game,0.0,
resnet18,ISIC_0014956,ensemble,sparseness,0.5043495122506285,
resnet18,ISIC_0014956,ensemble,complexity,11.480952262878418,
resnet18,ISIC_0014956,ensemble,model_parameter_randomisation,,nan
resnet18,ISIC_0014956,ensemble,random_logit,,nan
resnet18,ISIC_0014956,ensemble,completeness,,nan
resnet18,ISIC_0014956,ensemble,non_sensitivity,,nan
squeezenet,ISIC_0014956,ensemble,faithfulness_correlation,-0.08249546587467194,
squeezenet,ISIC_0014956,ensemble,pixel_flipping,56.27039337158203,
squeezenet,ISIC_0014956,ensemble,max_sensitivity,,nan
squeezenet,ISIC_0014956,ensemble,avg_sensitivity,,nan
squeezenet,ISIC_0014956,ensemble,relevance_mass_accuracy,0.5050594210624695,
squeezenet,ISIC_0014956,ensemble,pointing_game,1.0,
squeezenet,ISIC_0014956,ensemble,sparseness,0.5460620039982729,
squeezenet,ISIC_0014956,ensemble,complexity,11.37881088256836,
squeezenet,ISIC_0014956,ensemble,model_parameter_randomisation,,nan
squeezenet,ISIC_0014956,ensemble,random_logit,,nan
squeezenet,ISIC_0014956,ensemble,completeness,,nan
squeezenet,ISIC_0014956,ensemble,non_sensitivity,,nan
resnet18,ISIC_0014968,ensemble,faithfulness_correlation,-0.10019167512655258,
resnet18,ISIC_0014968,ensemble,pixel_flipping,16.101633071899414,
resnet18,ISIC_0014968,ensemble,max_sensitivity,,nan
resnet18,ISIC_0014968,ensemble,avg_sensitivity,,nan
resnet18,ISIC_0014968,ensemble,relevance_mass_accuracy,0.5510371923446655,
resnet18,ISIC_0014968,ensemble,pointing_game,0.0,
resnet18,ISIC_0014968,ensemble,sparseness,0.4582783411755482,
resnet18,ISIC_0014968,ensemble,complexity,11.553654670715332,
resnet18,ISIC_0014968,ensemble,model_parameter_randomisation,,nan
resnet18,ISIC_0014968,ensemble,random_logit,,nan
resnet18,ISIC_0014968,ensemble,completeness,,nan
resnet18,ISIC_0014968,ensemble,non_sensitivity,,nan
squeezenet,ISIC_0014968,ensemble,faithfulness_correlation,0.0606263242661953,
squeezenet,ISIC_0014968,ensemble,pixel_flipping,46.349822998046875,
squeezenet,ISIC_0014968,ensemble,max_sensitivity,,nan
squeezenet,ISIC_0014968,ensemble,avg_sensitivity,,nan
squeezenet,ISIC_0014968,ensemble,relevance_mass_accuracy,0.33027130365371704,
squeezenet,ISIC_0014968,ensemble,pointing_game,0.0,
squeezenet,ISIC_0014968,ensemble,sparseness,0.5834689054930768,
squeezenet,ISIC_0014968,ensemble,complexity,11.300895690917969,
squeezenet,ISIC_0014968,ensemble,model_parameter_randomisation,,nan
squeezenet,ISIC_0014968,ensemble,random_logit,,nan
squeezenet,ISIC_0014968,ensemble,completeness,,nan
squeezenet,ISIC_0014968,ensemble,non_sensitivity,,nan
resnet18,ISIC_0014973,ensemble,faithfulness_correlation,0.10149653255939484,
resnet18,ISIC_0014973,ensemble,pixel_flipping,577.440185546875,
resnet18,ISIC_0014973,ensemble,max_sensitivity,,nan
resnet18,ISIC_0014973,ensemble,avg_sensitivity,,nan
resnet18,ISIC_0014973,ensemble,relevance_mass_accuracy,0.8017075061798096,
resnet18,ISIC_0014973,ensemble,pointing_game,1.0,
resnet18,ISIC_0014973,ensemble,sparseness,0.4619392628332736,
resnet18,ISIC_0014973,ensemble,complexity,11.542542457580566,
resnet18,ISIC_0014973,ensemble,model_parameter_randomisation,,nan
resnet18,ISIC_0014973,ensemble,random_logit,,nan
resnet18,ISIC_0014973,ensemble,completeness,,nan
resnet18,ISIC_0014973,ensemble,non_sensitivity,,nan
squeezenet,ISIC_0014973,ensemble,faithfulness_correlation,-0.1319456547498703,
squeezenet,ISIC_0014973,ensemble,pixel_flipping,335.8636474609375,
squeezenet,ISIC_0014973,ensemble,max_sensitivity,,nan
squeezenet,ISIC_0014973,ensemble,avg_sensitivity,,nan
squeezenet,ISIC_0014973,ensemble,relevance_mass_accuracy,0.8400290608406067,
squeezenet,ISIC_0014973,ensemble,pointing_game,0.0,
squeezenet,ISIC_0014973,ensemble,sparseness,0.5164377353087305,
squeezenet,ISIC_0014973,ensemble,complexity,11.44961166381836,
squeezenet,ISIC_0014973,ensemble,model_parameter_randomisation,,nan
squeezenet,ISIC_0014973,ensemble,random_logit,,nan
squeezenet,ISIC_0014973,ensemble,completeness,,nan
squeezenet,ISIC_0014973,ensemble,non_sensitivity,,nan
resnet18,ISIC_0015016,ensemble,faithfulness_correlation,-0.1424645334482193,
resnet18,ISIC_0015016,ensemble,pixel_flipping,602.472900390625,
resnet18,ISIC_0015016,ensemble,max_sensitivity,,nan
resnet18,ISIC_0015016,ensemble,avg_sensitivity,,nan
resnet18,ISIC_0015016,ensemble,relevance_mass_accuracy,0.6003355979919434,
resnet18,ISIC_0015016,ensemble,pointing_game,0.0,
resnet18,ISIC_0015016,ensemble,sparseness,0.456408500410477,
resnet18,ISIC_0015016,ensemble,complexity,11.55894660949707,
resnet18,ISIC_0015016,ensemble,model_parameter_randomisation,,nan
resnet18,ISIC_0015016,ensemble,random_logit,,nan
resnet18,ISIC_0015016,ensemble,completeness,,nan
resnet18,ISIC_0015016,ensemble,non_sensitivity,,nan
squeezenet,ISIC_0015016,ensemble,faithfulness_correlation,-0.007851074449717999,
squeezenet,ISIC_0015016,ensemble,pixel_flipping,359.64398193359375,
squeezenet,ISIC_0015016,ensemble,max_sensitivity,,nan
squeezenet,ISIC_0015016,ensemble,avg_sensitivity,,nan
squeezenet,ISIC_0015016,ensemble,relevance_mass_accuracy,0.6909006237983704,
squeezenet,ISIC_0015016,ensemble,pointing_game,0.0,
squeezenet,ISIC_0015016,ensemble,sparseness,0.5488656882874945,
squeezenet,ISIC_0015016,ensemble,complexity,11.380204200744629,
squeezenet,ISIC_0015016,ensemble,model_parameter_randomisation,,nan
squeezenet,ISIC_0015016,ensemble,random_logit,,nan
squeezenet,ISIC_0015016,ensemble,completeness,,nan
squeezenet,ISIC_0015016,ensemble,non_sensitivity,,nan
resnet18,ISIC_0015023,ensemble,faithfulness_correlation,0.12464816123247147,
resnet18,ISIC_0015023,ensemble,pixel_flipping,613.408935546875,
resnet18,ISIC_0015023,ensemble,max_sensitivity,,nan
resnet18,ISIC_0015023,ensemble,avg_sensitivity,,nan
resnet18,ISIC_0015023,ensemble,relevance_mass_accuracy,0.3121053874492645,
resnet18,ISIC_0015023,ensemble,pointing_game,0.0,
resnet18,ISIC_0015023,ensemble,sparseness,0.4464040786883045,
resnet18,ISIC_0015023,ensemble,complexity,11.574654579162598,
resnet18,ISIC_0015023,ensemble,model_parameter_randomisation,,nan
resnet18,ISIC_0015023,ensemble,random_logit,,nan
resnet18,ISIC_0015023,ensemble,completeness,,nan
resnet18,ISIC_0015023,ensemble,non_sensitivity,,nan
squeezenet,ISIC_0015023,ensemble,faithfulness_correlation,0.009172133170068264,
squeezenet,ISIC_0015023,ensemble,pixel_flipping,355.35845947265625,
squeezenet,ISIC_0015023,ensemble,max_sensitivity,,nan
squeezenet,ISIC_0015023,ensemble,avg_sensitivity,,nan
squeezenet,ISIC_0015023,ensemble,relevance_mass_accuracy,0.9066704511642456,
squeezenet,ISIC_0015023,ensemble,pointing_game,1.0,
squeezenet,ISIC_0015023,ensemble,sparseness,0.679389492075289,
squeezenet,ISIC_0015023,ensemble,complexity,10.979546546936035,
squeezenet,ISIC_0015023,ensemble,model_parameter_randomisation,,nan
squeezenet,ISIC_0015023,ensemble,random_logit,,nan
squeezenet,ISIC_0015023,ensemble,completeness,,nan
squeezenet,ISIC_0015023,ensemble,non_sensitivity,,nan
resnet18,ISIC_0015034,ensemble,faithfulness_correlation,0.07851312309503555,
resnet18,ISIC_0015034,ensemble,pixel_flipping,623.6566162109375,
resnet18,ISIC_0015034,ensemble,max_sensitivity,,nan
resnet18,ISIC_0015034,ensemble,avg_sensitivity,,nan
resnet18,ISIC_0015034,ensemble,relevance_mass_accuracy,0.24442997574806213,
resnet18,ISIC_0015034,ensemble,pointing_game,1.0,
resnet18,ISIC_0015034,ensemble,sparseness,0.4913927526411085,
resnet18,ISIC_0015034,ensemble,complexity,11.502447128295898,
resnet18,ISIC_0015034,ensemble,model_parameter_randomisation,,nan
resnet18,ISIC_0015034,ensemble,random_logit,,nan
resnet18,ISIC_0015034,ensemble,completeness,,nan
resnet18,ISIC_0015034,ensemble,non_sensitivity,,nan
squeezenet,ISIC_0015034,ensemble,faithfulness_correlation,0.11168355494737625,
squeezenet,ISIC_0015034,ensemble,pixel_flipping,209.14288330078125,
squeezenet,ISIC_0015034,ensemble,max_sensitivity,,nan
squeezenet,ISIC_0015034,ensemble,avg_sensitivity,,nan
squeezenet,ISIC_0015034,ensemble,relevance_mass_accuracy,0.4449855089187622,
squeezenet,ISIC_0015034,ensemble,pointing_game,1.0,
squeezenet,ISIC_0015034,ensemble,sparseness,0.6469620924472167,
squeezenet,ISIC_0015034,ensemble,complexity,11.115191459655762,
squeezenet,ISIC_0015034,ensemble,model_parameter_randomisation,,nan
squeezenet,ISIC_0015034,ensemble,random_logit,,nan
squeezenet,ISIC_0015034,ensemble,completeness,,nan
squeezenet,ISIC_0015034,ensemble,non_sensitivity,,nan
resnet18,ISIC_0015139,ensemble,faithfulness_correlation,0.13162736594676971,
resnet18,ISIC_0015139,ensemble,pixel_flipping,578.6094970703125,
resnet18,ISIC_0015139,ensemble,max_sensitivity,,nan
resnet18,ISIC_0015139,ensemble,avg_sensitivity,,nan
resnet18,ISIC_0015139,ensemble,relevance_mass_accuracy,0.23188625276088715,
resnet18,ISIC_0015139,ensemble,pointing_game,1.0,
resnet18,ISIC_0015139,ensemble,sparseness,0.4992890598579962,
resnet18,ISIC_0015139,ensemble,complexity,11.486831665039062,
resnet18,ISIC_0015139,ensemble,model_parameter_randomisation,,nan
resnet18,ISIC_0015139,ensemble,random_logit,,nan
resnet18,ISIC_0015139,ensemble,completeness,,nan
resnet18,ISIC_0015139,ensemble,non_sensitivity,,nan
squeezenet,ISIC_0015139,ensemble,faithfulness_correlation,-0.04396190121769905,
squeezenet,ISIC_0015139,ensemble,pixel_flipping,364.03070068359375,
squeezenet,ISIC_0015139,ensemble,max_sensitivity,,nan
squeezenet,ISIC_0015139,ensemble,avg_sensitivity,,nan
squeezenet,ISIC_0015139,ensemble,relevance_mass_accuracy,0.3284740447998047,
squeezenet,ISIC_0015139,ensemble,pointing_game,0.0,
squeezenet,ISIC_0015139,ensemble,sparseness,0.5805288655850589,
squeezenet,ISIC_0015139,ensemble,complexity,11.308503150939941,
squeezenet,ISIC_0015139,ensemble,model_parameter_randomisation,,nan
squeezenet,ISIC_0015139,ensemble,random_logit,,nan
squeezenet,ISIC_0015139,ensemble,completeness,,nan
squeezenet,ISIC_0015139,ensemble,non_sensitivity,,nan
resnet18,ISIC_0015149,ensemble,faithfulness_correlation,0.09854429215192795,
resnet18,ISIC_0015149,ensemble,pixel_flipping,16.939958572387695,
resnet18,ISIC_0015149,ensemble,max_sensitivity,,nan
resnet18,ISIC_0015149,ensemble,avg_sensitivity,,nan
resnet18,ISIC_0015149,ensemble,relevance_mass_accuracy,0.2537742853164673,
resnet18,ISIC_0015149,ensemble,pointing_game,0.0,
resnet18,ISIC_0015149,ensemble,sparseness,0.4876900793553185,
resnet18,ISIC_0015149,ensemble,complexity,11.498808860778809,
resnet18,ISIC_0015149,ensemble,model_parameter_randomisation,,nan
resnet18,ISIC_0015149,ensemble,random_logit,,nan
resnet18,ISIC_0015149,ensemble,completeness,,nan
resnet18,ISIC_0015149,ensemble,non_sensitivity,,nan
squeezenet,ISIC_0015149,ensemble,faithfulness_correlation,0.03324994817376137,
squeezenet,ISIC_0015149,ensemble,pixel_flipping,176.0119171142578,
squeezenet,ISIC_0015149,ensemble,max_sensitivity,,nan
squeezenet,ISIC_0015149,ensemble,avg_sensitivity,,nan
squeezenet,ISIC_0015149,ensemble,relevance_mass_accuracy,0.6183268427848816,
squeezenet,ISIC_0015149,ensemble,pointing_game,0.0,
squeezenet,ISIC_0015149,ensemble,sparseness,0.5553496939096091,
squeezenet,ISIC_0015149,ensemble,complexity,11.367353439331055,
squeezenet,ISIC_0015149,ensemble,model_parameter_randomisation,,nan
squeezenet,ISIC_0015149,ensemble,random_logit,,nan
squeezenet,ISIC_0015149,ensemble,completeness,,nan
squeezenet,ISIC_0015149,ensemble,non_sensitivity,,nan
resnet18,ISIC_0015160,ensemble,faithfulness_correlation,-0.18368107080459595,
resnet18,ISIC_0015160,ensemble,pixel_flipping,622.768798828125,
resnet18,ISIC_0015160,ensemble,max_sensitivity,,nan
resnet18,ISIC_0015160,ensemble,avg_sensitivity,,nan
resnet18,ISIC_0015160,ensemble,relevance_mass_accuracy,0.5325825810432434,
resnet18,ISIC_0015160,ensemble,pointing_game,1.0,
resnet18,ISIC_0015160,ensemble,sparseness,0.44665760497163187,
resnet18,ISIC_0015160,ensemble,complexity,11.573421478271484,
resnet18,ISIC_0015160,ensemble,model_parameter_randomisation,,nan
resnet18,ISIC_0015160,ensemble,random_logit,,nan
resnet18,ISIC_0015160,ensemble,completeness,,nan
resnet18,ISIC_0015160,ensemble,non_sensitivity,,nan
squeezenet,ISIC_0015160,ensemble,faithfulness_correlation,-0.08424415439367294,
squeezenet,ISIC_0015160,ensemble,pixel_flipping,37.62816619873047,
squeezenet,ISIC_0015160,ensemble,max_sensitivity,,nan
squeezenet,ISIC_0015160,ensemble,avg_sensitivity,,nan
squeezenet,ISIC_0015160,ensemble,relevance_mass_accuracy,0.6406608819961548,
squeezenet,ISIC_0015160,ensemble,pointing_game,1.0,
squeezenet,ISIC_0015160,ensemble,sparseness,0.5681018342992018,
squeezenet,ISIC_0015160,ensemble,complexity,11.334639549255371,
squeezenet,ISIC_0015160,ensemble,model_parameter_randomisation,,nan
squeezenet,ISIC_0015160,ensemble,random_logit,,nan
squeezenet,ISIC_0015160,ensemble,completeness,,nan
squeezenet,ISIC_0015160,ensemble,non_sensitivity,,nan
resnet18,ISIC_0015174,ensemble,faithfulness_correlation,0.11392974853515625,
resnet18,ISIC_0015174,ensemble,pixel_flipping,609.0037841796875,
resnet18,ISIC_0015174,ensemble,max_sensitivity,,nan
resnet18,ISIC_0015174,ensemble,avg_sensitivity,,nan
resnet18,ISIC_0015174,ensemble,relevance_mass_accuracy,0.4050692319869995,
resnet18,ISIC_0015174,ensemble,pointing_game,0.0,
resnet18,ISIC_0015174,ensemble,sparseness,0.5093567952185707,
resnet18,ISIC_0015174,ensemble,complexity,11.463838577270508,
resnet18,ISIC_0015174,ensemble,model_parameter_randomisation,,nan
resnet18,ISIC_0015174,ensemble,random_logit,,nan
resnet18,ISIC_0015174,ensemble,completeness,,nan
resnet18,ISIC_0015174,ensemble,non_sensitivity,,nan
squeezenet,ISIC_0015174,ensemble,faithfulness_correlation,0.06152545288205147,
squeezenet,ISIC_0015174,ensemble,pixel_flipping,237.2473602294922,
squeezenet,ISIC_0015174,ensemble,max_sensitivity,,nan
squeezenet,ISIC_0015174,ensemble,avg_sensitivity,,nan
squeezenet,ISIC_0015174,ensemble,relevance_mass_accuracy,0.5138180255889893,
squeezenet,ISIC_0015174,ensemble,pointing_game,1.0,
squeezenet,ISIC_0015174,ensemble,sparseness,0.6244995165303656,
squeezenet,ISIC_0015174,ensemble,complexity,11.195621490478516,
squeezenet,ISIC_0015174,ensemble,model_parameter_randomisation,,nan
squeezenet,ISIC_0015174,ensemble,random_logit,,nan
squeezenet,ISIC_0015174,ensemble,completeness,,nan
squeezenet,ISIC_0015174,ensemble,non_sensitivity,,nan
resnet18,ISIC_0015203,ensemble,faithfulness_correlation,-0.02979525737464428,
resnet18,ISIC_0015203,ensemble,pixel_flipping,501.7251281738281,
resnet18,ISIC_0015203,ensemble,max_sensitivity,,nan
resnet18,ISIC_0015203,ensemble,avg_sensitivity,,nan
resnet18,ISIC_0015203,ensemble,relevance_mass_accuracy,0.7424148321151733,
resnet18,ISIC_0015203,ensemble,pointing_game,0.0,
resnet18,ISIC_0015203,ensemble,sparseness,0.4360509836238513,
resnet18,ISIC_0015203,ensemble,complexity,11.582441329956055,
resnet18,ISIC_0015203,ensemble,model_parameter_randomisation,,nan
resnet18,ISIC_0015203,ensemble,random_logit,,nan
resnet18,ISIC_0015203,ensemble,completeness,,nan
resnet18,ISIC_0015203,ensemble,non_sensitivity,,nan
squeezenet,ISIC_0015203,ensemble,faithfulness_correlation,-0.14412590861320496,
squeezenet,ISIC_0015203,ensemble,pixel_flipping,33.95960998535156,
squeezenet,ISIC_0015203,ensemble,max_sensitivity,,nan
squeezenet,ISIC_0015203,ensemble,avg_sensitivity,,nan
squeezenet,ISIC_0015203,ensemble,relevance_mass_accuracy,0.5945615768432617,
squeezenet,ISIC_0015203,ensemble,pointing_game,1.0,
squeezenet,ISIC_0015203,ensemble,sparseness,0.5698501014864944,
squeezenet,ISIC_0015203,ensemble,complexity,11.334531784057617,
squeezenet,ISIC_0015203,ensemble,model_parameter_randomisation,,nan
squeezenet,ISIC_0015203,ensemble,random_logit,,nan
squeezenet,ISIC_0015203,ensemble,completeness,,nan
squeezenet,ISIC_0015203,ensemble,non_sensitivity,,nan
resnet18,ISIC_0015244,ensemble,faithfulness_correlation,0.07527179270982742,
resnet18,ISIC_0015244,ensemble,pixel_flipping,102.22441101074219,
resnet18,ISIC_0015244,ensemble,max_sensitivity,,nan
resnet18,ISIC_0015244,ensemble,avg_sensitivity,,nan
resnet18,ISIC_0015244,ensemble,relevance_mass_accuracy,0.5144538879394531,
resnet18,ISIC_0015244,ensemble,pointing_game,0.0,
resnet18,ISIC_0015244,ensemble,sparseness,0.4724638176949097,
resnet18,ISIC_0015244,ensemble,complexity,11.530309677124023,
resnet18,ISIC_0015244,ensemble,model_parameter_randomisation,,nan
resnet18,ISIC_0015244,ensemble,random_logit,,nan
resnet18,ISIC_0015244,ensemble,completeness,,nan
resnet18,ISIC_0015244,ensemble,non_sensitivity,,nan
squeezenet,ISIC_0015244,ensemble,faithfulness_correlation,0.10144136846065521,
squeezenet,ISIC_0015244,ensemble,pixel_flipping,225.87457275390625,
squeezenet,ISIC_0015244,ensemble,max_sensitivity,,nan
squeezenet,ISIC_0015244,ensemble,avg_sensitivity,,nan
squeezenet,ISIC_0015244,ensemble,relevance_mass_accuracy,0.644440233707428,
squeezenet,ISIC_0015244,ensemble,pointing_game,1.0,
squeezenet,ISIC_0015244,ensemble,sparseness,0.6142790695460018,
squeezenet,ISIC_0015244,ensemble,complexity,11.22925090789795,
squeezenet,ISIC_0015244,ensemble,model_parameter_randomisation,,nan
squeezenet,ISIC_0015244,ensemble,random_logit,,nan
squeezenet,ISIC_0015244,ensemble,completeness,,nan
squeezenet,ISIC_0015244,ensemble,non_sensitivity,,nan
resnet18,ISIC_0015273,ensemble,faithfulness_correlation,-0.039179667830467224,
resnet18,ISIC_0015273,ensemble,pixel_flipping,607.7807006835938,
resnet18,ISIC_0015273,ensemble,max_sensitivity,,nan
resnet18,ISIC_0015273,ensemble,avg_sensitivity,,nan
resnet18,ISIC_0015273,ensemble,relevance_mass_accuracy,0.1067282184958458,
resnet18,ISIC_0015273,ensemble,pointing_game,1.0,
resnet18,ISIC_0015273,ensemble,sparseness,0.5387103339566562,
resnet18,ISIC_0015273,ensemble,complexity,11.397149085998535,
resnet18,ISIC_0015273,ensemble,model_parameter_randomisation,,nan
resnet18,ISIC_0015273,ensemble,random_logit,,nan
resnet18,ISIC_0015273,ensemble,completeness,,nan
resnet18,ISIC_0015273,ensemble,non_sensitivity,,nan
squeezenet,ISIC_0015273,ensemble,faithfulness_correlation,0.033946484327316284,
squeezenet,ISIC_0015273,ensemble,pixel_flipping,301.03997802734375,
squeezenet,ISIC_0015273,ensemble,max_sensitivity,,nan
squeezenet,ISIC_0015273,ensemble,avg_sensitivity,,nan
squeezenet,ISIC_0015273,ensemble,relevance_mass_accuracy,0.24320456385612488,
squeezenet,ISIC_0015273,ensemble,pointing_game,1.0,
squeezenet,ISIC_0015273,ensemble,sparseness,0.6430314201313757,
squeezenet,ISIC_0015273,ensemble,complexity,11.068115234375,
squeezenet,ISIC_0015273,ensemble,model_parameter_randomisation,,nan
squeezenet,ISIC_0015273,ensemble,random_logit,,nan
squeezenet,ISIC_0015273,ensemble,completeness,,nan
squeezenet,ISIC_0015273,ensemble,non_sensitivity,,nan
resnet18,ISIC_0015309,ensemble,faithfulness_correlation,0.08194206655025482,
resnet18,ISIC_0015309,ensemble,pixel_flipping,30.3992977142334,
resnet18,ISIC_0015309,ensemble,max_sensitivity,,nan
resnet18,ISIC_0015309,ensemble,avg_sensitivity,,nan
resnet18,ISIC_0015309,ensemble,relevance_mass_accuracy,-0.030091308057308197,
resnet18,ISIC_0015309,ensemble,pointing_game,1.0,
resnet18,ISIC_0015309,ensemble,sparseness,0.49297208739729476,
resnet18,ISIC_0015309,ensemble,complexity,11.491252899169922,
resnet18,ISIC_0015309,ensemble,model_parameter_randomisation,,nan
resnet18,ISIC_0015309,ensemble,random_logit,,nan
resnet18,ISIC_0015309,ensemble,completeness,,nan
resnet18,ISIC_0015309,ensemble,non_sensitivity,,nan
squeezenet,ISIC_0015309,ensemble,faithfulness_correlation,-0.07434260100126266,
squeezenet,ISIC_0015309,ensemble,pixel_flipping,481.1600341796875,
squeezenet,ISIC_0015309,ensemble,max_sensitivity,,nan
squeezenet,ISIC_0015309,ensemble,avg_sensitivity,,nan
squeezenet,ISIC_0015309,ensemble,relevance_mass_accuracy,0.4398031234741211,
squeezenet,ISIC_0015309,ensemble,pointing_game,1.0,
squeezenet,ISIC_0015309,ensemble,sparseness,0.6666219507210385,
squeezenet,ISIC_0015309,ensemble,complexity,11.058259963989258,
squeezenet,ISIC_0015309,ensemble,model_parameter_randomisation,,nan
squeezenet,ISIC_0015309,ensemble,random_logit,,nan
squeezenet,ISIC_0015309,ensemble,completeness,,nan
squeezenet,ISIC_0015309,ensemble,non_sensitivity,,nan
resnet18,ISIC_0015440,ensemble,faithfulness_correlation,0.1729317456483841,
resnet18,ISIC_0015440,ensemble,pixel_flipping,595.810546875,
resnet18,ISIC_0015440,ensemble,max_sensitivity,,nan
resnet18,ISIC_0015440,ensemble,avg_sensitivity,,nan
resnet18,ISIC_0015440,ensemble,relevance_mass_accuracy,0.17065972089767456,
resnet18,ISIC_0015440,ensemble,pointing_game,0.0,
resnet18,ISIC_0015440,ensemble,sparseness,0.47866447303849374,
resnet18,ISIC_0015440,ensemble,complexity,11.509217262268066,
resnet18,ISIC_0015440,ensemble,model_parameter_randomisation,,nan
resnet18,ISIC_0015440,ensemble,random_logit,,nan
resnet18,ISIC_0015440,ensemble,completeness,,nan
resnet18,ISIC_0015440,ensemble,non_sensitivity,,nan
squeezenet,ISIC_0015440,ensemble,faithfulness_correlation,0.1500868946313858,
squeezenet,ISIC_0015440,ensemble,pixel_flipping,211.67523193359375,
squeezenet,ISIC_0015440,ensemble,max_sensitivity,,nan
squeezenet,ISIC_0015440,ensemble,avg_sensitivity,,nan
squeezenet,ISIC_0015440,ensemble,relevance_mass_accuracy,0.4835974872112274,
squeezenet,ISIC_0015440,ensemble,pointing_game,1.0,
squeezenet,ISIC_0015440,ensemble,sparseness,0.7061699532148924,
squeezenet,ISIC_0015440,ensemble,complexity,10.91103458404541,
squeezenet,ISIC_0015440,ensemble,model_parameter_randomisation,,nan
squeezenet,ISIC_0015440,ensemble,random_logit,,nan
squeezenet,ISIC_0015440,ensemble,completeness,,nan
squeezenet,ISIC_0015440,ensemble,non_sensitivity,,nan
resnet18,ISIC_0015485,ensemble,faithfulness_correlation,0.03147226572036743,
resnet18,ISIC_0015485,ensemble,pixel_flipping,562.6392822265625,
resnet18,ISIC_0015485,ensemble,max_sensitivity,,nan
resnet18,ISIC_0015485,ensemble,avg_sensitivity,,nan
resnet18,ISIC_0015485,ensemble,relevance_mass_accuracy,0.7286116480827332,
resnet18,ISIC_0015485,ensemble,pointing_game,1.0,
resnet18,ISIC_0015485,ensemble,sparseness,0.43911369720715926,
resnet18,ISIC_0015485,ensemble,complexity,11.578476905822754,
resnet18,ISIC_0015485,ensemble,model_parameter_randomisation,,nan
resnet18,ISIC_0015485,ensemble,random_logit,,nan
resnet18,ISIC_0015485,ensemble,completeness,,nan
resnet18,ISIC_0015485,ensemble,non_sensitivity,,nan
squeezenet,ISIC_0015485,ensemble,faithfulness_correlation,0.05587295442819595,
squeezenet,ISIC_0015485,ensemble,pixel_flipping,37.02241134643555,
squeezenet,ISIC_0015485,ensemble,max_sensitivity,,nan
squeezenet,ISIC_0015485,ensemble,avg_sensitivity,,nan
squeezenet,ISIC_0015485,ensemble,relevance_mass_accuracy,0.6898369789123535,
squeezenet,ISIC_0015485,ensemble,pointing_game,0.0,
squeezenet,ISIC_0015485,ensemble,sparseness,0.5457107968693213,
squeezenet,ISIC_0015485,ensemble,complexity,11.37483024597168,
squeezenet,ISIC_0015485,ensemble,model_parameter_randomisation,,nan
squeezenet,ISIC_0015485,ensemble,random_logit,,nan
squeezenet,ISIC_0015485,ensemble,completeness,,nan
squeezenet,ISIC_0015485,ensemble,non_sensitivity,,nan
resnet18,ISIC_0015526,ensemble,faithfulness_correlation,-0.1422031968832016,
resnet18,ISIC_0015526,ensemble,pixel_flipping,589.1680908203125,
resnet18,ISIC_0015526,ensemble,max_sensitivity,,nan
resnet18,ISIC_0015526,ensemble,avg_sensitivity,,nan
resnet18,ISIC_0015526,ensemble,relevance_mass_accuracy,0.1853312999010086,
resnet18,ISIC_0015526,ensemble,pointing_game,0.0,
resnet18,ISIC_0015526,ensemble,sparseness,0.4824895093565901,
resnet18,ISIC_0015526,ensemble,complexity,11.517165184020996,
resnet18,ISIC_0015526,ensemble,model_parameter_randomisation,,nan
resnet18,ISIC_0015526,ensemble,random_logit,,nan
resnet18,ISIC_0015526,ensemble,completeness,,nan
resnet18,ISIC_0015526,ensemble,non_sensitivity,,nan
squeezenet,ISIC_0015526,ensemble,faithfulness_correlation,0.22113844752311707,
squeezenet,ISIC_0015526,ensemble,pixel_flipping,262.5740966796875,
squeezenet,ISIC_0015526,ensemble,max_sensitivity,,nan
squeezenet,ISIC_0015526,ensemble,avg_sensitivity,,nan
squeezenet,ISIC_0015526,ensemble,relevance_mass_accuracy,0.4106275737285614,
squeezenet,ISIC_0015526,ensemble,pointing_game,1.0,
squeezenet,ISIC_0015526,ensemble,sparseness,0.6190184126892478,
squeezenet,ISIC_0015526,ensemble,complexity,11.190204620361328,
squeezenet,ISIC_0015526,ensemble,model_parameter_randomisation,,nan
squeezenet,ISIC_0015526,ensemble,random_logit,,nan
squeezenet,ISIC_0015526,ensemble,completeness,,nan
squeezenet,ISIC_0015526,ensemble,non_sensitivity,,nan
resnet18,ISIC_0015638,ensemble,faithfulness_correlation,0.026971422135829926,
resnet18,ISIC_0015638,ensemble,pixel_flipping,580.9879150390625,
resnet18,ISIC_0015638,ensemble,max_sensitivity,,nan
resnet18,ISIC_0015638,ensemble,avg_sensitivity,,nan
resnet18,ISIC_0015638,ensemble,relevance_mass_accuracy,0.3716416358947754,
resnet18,ISIC_0015638,ensemble,pointing_game,0.0,
resnet18,ISIC_0015638,ensemble,sparseness,0.5379621669596361,
resnet18,ISIC_0015638,ensemble,complexity,11.414076805114746,
resnet18,ISIC_0015638,ensemble,model_parameter_randomisation,,nan
resnet18,ISIC_0015638,ensemble,random_logit,,nan
resnet18,ISIC_0015638,ensemble,completeness,,nan
resnet18,ISIC_0015638,ensemble,non_sensitivity,,nan
squeezenet,ISIC_0015638,ensemble,faithfulness_correlation,0.19547432661056519,
squeezenet,ISIC_0015638,ensemble,pixel_flipping,575.2713623046875,
squeezenet,ISIC_0015638,ensemble,max_sensitivity,,nan
squeezenet,ISIC_0015638,ensemble,avg_sensitivity,,nan
squeezenet,ISIC_0015638,ensemble,relevance_mass_accuracy,0.5173047780990601,
squeezenet,ISIC_0015638,ensemble,pointing_game,1.0,
squeezenet,ISIC_0015638,ensemble,sparseness,0.589065617982504,
squeezenet,ISIC_0015638,ensemble,complexity,11.268527030944824,
squeezenet,ISIC_0015638,ensemble,model_parameter_randomisation,,nan
squeezenet,ISIC_0015638,ensemble,random_logit,,nan
squeezenet,ISIC_0015638,ensemble,completeness,,nan
squeezenet,ISIC_0015638,ensemble,non_sensitivity,,nan
resnet18,ISIC_0015949,ensemble,faithfulness_correlation,0.019619746133685112,
resnet18,ISIC_0015949,ensemble,pixel_flipping,501.34075927734375,
resnet18,ISIC_0015949,ensemble,max_sensitivity,,nan
resnet18,ISIC_0015949,ensemble,avg_sensitivity,,nan
resnet18,ISIC_0015949,ensemble,relevance_mass_accuracy,0.022804833948612213,
resnet18,ISIC_0015949,ensemble,pointing_game,0.0,
resnet18,ISIC_0015949,ensemble,sparseness,0.4434277499934601,
resnet18,ISIC_0015949,ensemble,complexity,11.571650505065918,
resnet18,ISIC_0015949,ensemble,model_parameter_randomisation,,nan
resnet18,ISIC_0015949,ensemble,random_logit,,nan
resnet18,ISIC_0015949,ensemble,completeness,,nan
resnet18,ISIC_0015949,ensemble,non_sensitivity,,nan
squeezenet,ISIC_0015949,ensemble,faithfulness_correlation,-0.03587102144956589,
squeezenet,ISIC_0015949,ensemble,pixel_flipping,421.60833740234375,
squeezenet,ISIC_0015949,ensemble,max_sensitivity,,nan
squeezenet,ISIC_0015949,ensemble,avg_sensitivity,,nan
squeezenet,ISIC_0015949,ensemble,relevance_mass_accuracy,0.1422562152147293,
squeezenet,ISIC_0015949,ensemble,pointing_game,0.0,
squeezenet,ISIC_0015949,ensemble,sparseness,0.6581269041369803,
squeezenet,ISIC_0015949,ensemble,complexity,11.045565605163574,
squeezenet,ISIC_0015949,ensemble,model_parameter_randomisation,,nan
squeezenet,ISIC_0015949,ensemble,random_logit,,nan
squeezenet,ISIC_0015949,ensemble,completeness,,nan
squeezenet,ISIC_0015949,ensemble,non_sensitivity,,nan
resnet18,ISIC_0015950,ensemble,faithfulness_correlation,0.14615575969219208,
resnet18,ISIC_0015950,ensemble,pixel_flipping,373.2734375,
resnet18,ISIC_0015950,ensemble,max_sensitivity,,nan
resnet18,ISIC_0015950,ensemble,avg_sensitivity,,nan
resnet18,ISIC_0015950,ensemble,relevance_mass_accuracy,0.07868850976228714,
resnet18,ISIC_0015950,ensemble,pointing_game,0.0,
resnet18,ISIC_0015950,ensemble,sparseness,0.5501365729870039,
resnet18,ISIC_0015950,ensemble,complexity,11.371846199035645,
resnet18,ISIC_0015950,ensemble,model_parameter_randomisation,,nan
resnet18,ISIC_0015950,ensemble,random_logit,,nan
resnet18,ISIC_0015950,ensemble,completeness,,nan
resnet18,ISIC_0015950,ensemble,non_sensitivity,,nan
squeezenet,ISIC_0015950,ensemble,faithfulness_correlation,0.20829950273036957,
squeezenet,ISIC_0015950,ensemble,pixel_flipping,53.74058151245117,
squeezenet,ISIC_0015950,ensemble,max_sensitivity,,nan
squeezenet,ISIC_0015950,ensemble,avg_sensitivity,,nan
squeezenet,ISIC_0015950,ensemble,relevance_mass_accuracy,0.12483615428209305,
squeezenet,ISIC_0015950,ensemble,pointing_game,0.0,
squeezenet,ISIC_0015950,ensemble,sparseness,0.6387222940219006,
squeezenet,ISIC_0015950,ensemble,complexity,11.12380599975586,
squeezenet,ISIC_0015950,ensemble,model_parameter_randomisation,,nan
squeezenet,ISIC_0015950,ensemble,random_logit,,nan
squeezenet,ISIC_0015950,ensemble,completeness,,nan
squeezenet,ISIC_0015950,ensemble,non_sensitivity,,nan
resnet18,ISIC_0015957,ensemble,faithfulness_correlation,-0.052463021129369736,
resnet18,ISIC_0015957,ensemble,pixel_flipping,8.283069610595703,
resnet18,ISIC_0015957,ensemble,max_sensitivity,,nan
resnet18,ISIC_0015957,ensemble,avg_sensitivity,,nan
resnet18,ISIC_0015957,ensemble,relevance_mass_accuracy,0.20863358676433563,
resnet18,ISIC_0015957,ensemble,pointing_game,0.0,
resnet18,ISIC_0015957,ensemble,sparseness,0.4616957819596867,
resnet18,ISIC_0015957,ensemble,complexity,11.54965877532959,
resnet18,ISIC_0015957,ensemble,model_parameter_randomisation,,nan
resnet18,ISIC_0015957,ensemble,random_logit,,nan
resnet18,ISIC_0015957,ensemble,completeness,,nan
resnet18,ISIC_0015957,ensemble,non_sensitivity,,nan
squeezenet,ISIC_0015957,ensemble,faithfulness_correlation,-0.05635439604520798,
squeezenet,ISIC_0015957,ensemble,pixel_flipping,58.06877899169922,
squeezenet,ISIC_0015957,ensemble,max_sensitivity,,nan
squeezenet,ISIC_0015957,ensemble,avg_sensitivity,,nan
squeezenet,ISIC_0015957,ensemble,relevance_mass_accuracy,0.26273220777511597,
squeezenet,ISIC_0015957,ensemble,pointing_game,0.0,
squeezenet,ISIC_0015957,ensemble,sparseness,0.6247529876988631,
squeezenet,ISIC_0015957,ensemble,complexity,11.200074195861816,
squeezenet,ISIC_0015957,ensemble,model_parameter_randomisation,,nan
squeezenet,ISIC_0015957,ensemble,random_logit,,nan
squeezenet,ISIC_0015957,ensemble,completeness,,nan
squeezenet,ISIC_0015957,ensemble,non_sensitivity,,nan
resnet18,ISIC_0015959,ensemble,faithfulness_correlation,0.05248767137527466,
resnet18,ISIC_0015959,ensemble,pixel_flipping,526.080810546875,
resnet18,ISIC_0015959,ensemble,max_sensitivity,,nan
resnet18,ISIC_0015959,ensemble,avg_sensitivity,,nan
resnet18,ISIC_0015959,ensemble,relevance_mass_accuracy,0.3628683388233185,
resnet18,ISIC_0015959,ensemble,pointing_game,0.0,
resnet18,ISIC_0015959,ensemble,sparseness,0.4882459662666945,
resnet18,ISIC_0015959,ensemble,complexity,11.504144668579102,
resnet18,ISIC_0015959,ensemble,model_parameter_randomisation,,nan
resnet18,ISIC_0015959,ensemble,random_logit,,nan
resnet18,ISIC_0015959,ensemble,completeness,,nan
resnet18,ISIC_0015959,ensemble,non_sensitivity,,nan
squeezenet,ISIC_0015959,ensemble,faithfulness_correlation,-0.01403314433991909,
squeezenet,ISIC_0015959,ensemble,pixel_flipping,413.86761474609375,
squeezenet,ISIC_0015959,ensemble,max_sensitivity,,nan
squeezenet,ISIC_0015959,ensemble,avg_sensitivity,,nan
squeezenet,ISIC_0015959,ensemble,relevance_mass_accuracy,0.6475006937980652,
squeezenet,ISIC_0015959,ensemble,pointing_game,1.0,
squeezenet,ISIC_0015959,ensemble,sparseness,0.6201117766066323,
squeezenet,ISIC_0015959,ensemble,complexity,11.205753326416016,
squeezenet,ISIC_0015959,ensemble,model_parameter_randomisation,,nan
squeezenet,ISIC_0015959,ensemble,random_logit,,nan
squeezenet,ISIC_0015959,ensemble,completeness,,nan
squeezenet,ISIC_0015959,ensemble,non_sensitivity,,nan
resnet18,ISIC_0015961,ensemble,faithfulness_correlation,0.2839440405368805,
resnet18,ISIC_0015961,ensemble,pixel_flipping,552.4067993164062,
resnet18,ISIC_0015961,ensemble,max_sensitivity,,nan
resnet18,ISIC_0015961,ensemble,avg_sensitivity,,nan
resnet18,ISIC_0015961,ensemble,relevance_mass_accuracy,0.14396293461322784,
resnet18,ISIC_0015961,ensemble,pointing_game,0.0,
resnet18,ISIC_0015961,ensemble,sparseness,0.5199969714835674,
resnet18,ISIC_0015961,ensemble,complexity,11.444292068481445,
resnet18,ISIC_0015961,ensemble,model_parameter_randomisation,,nan
resnet18,ISIC_0015961,ensemble,random_logit,,nan
resnet18,ISIC_0015961,ensemble,completeness,,nan
resnet18,ISIC_0015961,ensemble,non_sensitivity,,nan
squeezenet,ISIC_0015961,ensemble,faithfulness_correlation,0.05839955434203148,
squeezenet,ISIC_0015961,ensemble,pixel_flipping,245.79254150390625,
squeezenet,ISIC_0015961,ensemble,max_sensitivity,,nan
squeezenet,ISIC_0015961,ensemble,avg_sensitivity,,nan
squeezenet,ISIC_0015961,ensemble,relevance_mass_accuracy,0.45133620500564575,
squeezenet,ISIC_0015961,ensemble,pointing_game,0.0,
squeezenet,ISIC_0015961,ensemble,sparseness,0.7148946426058462,
squeezenet,ISIC_0015961,ensemble,complexity,10.871819496154785,
squeezenet,ISIC_0015961,ensemble,model_parameter_randomisation,,nan
squeezenet,ISIC_0015961,ensemble,random_logit,,nan
squeezenet,ISIC_0015961,ensemble,completeness,,nan
squeezenet,ISIC_0015961,ensemble,non_sensitivity,,nan
resnet18,ISIC_0015971,ensemble,faithfulness_correlation,-0.01727069728076458,
resnet18,ISIC_0015971,ensemble,pixel_flipping,507.4886474609375,
resnet18,ISIC_0015971,ensemble,max_sensitivity,,nan
resnet18,ISIC_0015971,ensemble,avg_sensitivity,,nan
resnet18,ISIC_0015971,ensemble,relevance_mass_accuracy,0.034287065267562866,
resnet18,ISIC_0015971,ensemble,pointing_game,1.0,
resnet18,ISIC_0015971,ensemble,sparseness,0.49678147608788503,
resnet18,ISIC_0015971,ensemble,complexity,11.481297492980957,
resnet18,ISIC_0015971,ensemble,model_parameter_randomisation,,nan
resnet18,ISIC_0015971,ensemble,random_logit,,nan
resnet18,ISIC_0015971,ensemble,completeness,,nan
resnet18,ISIC_0015971,ensemble,non_sensitivity,,nan
squeezenet,ISIC_0015971,ensemble,faithfulness_correlation,-0.08266891539096832,
squeezenet,ISIC_0015971,ensemble,pixel_flipping,417.2015380859375,
squeezenet,ISIC_0015971,ensemble,max_sensitivity,,nan
squeezenet,ISIC_0015971,ensemble,avg_sensitivity,,nan
squeezenet,ISIC_0015971,ensemble,relevance_mass_accuracy,0.16500374674797058,
squeezenet,ISIC_0015971,ensemble,pointing_game,1.0,
squeezenet,ISIC_0015971,ensemble,sparseness,0.6739865664955081,
squeezenet,ISIC_0015971,ensemble,complexity,10.980192184448242,
squeezenet,ISIC_0015971,ensemble,model_parameter_randomisation,,nan
squeezenet,ISIC_0015971,ensemble,random_logit,,nan
squeezenet,ISIC_0015971,ensemble,completeness,,nan
squeezenet,ISIC_0015971,ensemble,non_sensitivity,,nan
resnet18,ISIC_0015973,ensemble,faithfulness_correlation,-0.30089622735977173,
resnet18,ISIC_0015973,ensemble,pixel_flipping,9.714398384094238,
resnet18,ISIC_0015973,ensemble,max_sensitivity,,nan
resnet18,ISIC_0015973,ensemble,avg_sensitivity,,nan
resnet18,ISIC_0015973,ensemble,relevance_mass_accuracy,0.44541507959365845,
resnet18,ISIC_0015973,ensemble,pointing_game,0.0,
resnet18,ISIC_0015973,ensemble,sparseness,0.4601666493055997,
resnet18,ISIC_0015973,ensemble,complexity,11.553960800170898,
resnet18,ISIC_0015973,ensemble,model_parameter_randomisation,,nan
resnet18,ISIC_0015973,ensemble,random_logit,,nan
resnet18,ISIC_0015973,ensemble,completeness,,nan
resnet18,ISIC_0015973,ensemble,non_sensitivity,,nan
squeezenet,ISIC_0015973,ensemble,faithfulness_correlation,0.09544392675161362,
squeezenet,ISIC_0015973,ensemble,pixel_flipping,68.78697967529297,
squeezenet,ISIC_0015973,ensemble,max_sensitivity,,nan
squeezenet,ISIC_0015973,ensemble,avg_sensitivity,,nan
squeezenet,ISIC_0015973,ensemble,relevance_mass_accuracy,0.3614441752433777,
squeezenet,ISIC_0015973,ensemble,pointing_game,0.0,
squeezenet,ISIC_0015973,ensemble,sparseness,0.5612714663232244,
squeezenet,ISIC_0015973,ensemble,complexity,11.349493980407715,
squeezenet,ISIC_0015973,ensemble,model_parameter_randomisation,,nan
squeezenet,ISIC_0015973,ensemble,random_logit,,nan
squeezenet,ISIC_0015973,ensemble,completeness,,nan
squeezenet,ISIC_0015973,ensemble,non_sensitivity,,nan
resnet18,ISIC_0015989,ensemble,faithfulness_correlation,0.15367481112480164,
resnet18,ISIC_0015989,ensemble,pixel_flipping,530.1571655273438,
resnet18,ISIC_0015989,ensemble,max_sensitivity,,nan
resnet18,ISIC_0015989,ensemble,avg_sensitivity,,nan
resnet18,ISIC_0015989,ensemble,relevance_mass_accuracy,0.06666575372219086,
resnet18,ISIC_0015989,ensemble,pointing_game,0.0,
resnet18,ISIC_0015989,ensemble,sparseness,0.5202193148285675,
resnet18,ISIC_0015989,ensemble,complexity,11.430245399475098,
resnet18,ISIC_0015989,ensemble,model_parameter_randomisation,,nan
resnet18,ISIC_0015989,ensemble,random_logit,,nan
resnet18,ISIC_0015989,ensemble,completeness,,nan
resnet18,ISIC_0015989,ensemble,non_sensitivity,,nan
squeezenet,ISIC_0015989,ensemble,faithfulness_correlation,0.14430999755859375,
squeezenet,ISIC_0015989,ensemble,pixel_flipping,232.67315673828125,
squeezenet,ISIC_0015989,ensemble,max_sensitivity,,nan
squeezenet,ISIC_0015989,ensemble,avg_sensitivity,,nan
squeezenet,ISIC_0015989,ensemble,relevance_mass_accuracy,0.25219112634658813,
squeezenet,ISIC_0015989,ensemble,pointing_game,1.0,
squeezenet,ISIC_0015989,ensemble,sparseness,0.6608331815760268,
squeezenet,ISIC_0015989,ensemble,complexity,11.005550384521484,
squeezenet,ISIC_0015989,ensemble,model_parameter_randomisation,,nan
squeezenet,ISIC_0015989,ensemble,random_logit,,nan
squeezenet,ISIC_0015989,ensemble,completeness,,nan
squeezenet,ISIC_0015989,ensemble,non_sensitivity,,nan
resnet18,ISIC_0015994,ensemble,faithfulness_correlation,0.08134149760007858,
resnet18,ISIC_0015994,ensemble,pixel_flipping,542.9798583984375,
resnet18,ISIC_0015994,ensemble,max_sensitivity,,nan
resnet18,ISIC_0015994,ensemble,avg_sensitivity,,nan
resnet18,ISIC_0015994,ensemble,relevance_mass_accuracy,0.03620030730962753,
resnet18,ISIC_0015994,ensemble,pointing_game,0.0,
resnet18,ISIC_0015994,ensemble,sparseness,0.5494833169815901,
resnet18,ISIC_0015994,ensemble,complexity,11.373571395874023,
resnet18,ISIC_0015994,ensemble,model_parameter_randomisation,,nan
resnet18,ISIC_0015994,ensemble,random_logit,,nan
resnet18,ISIC_0015994,ensemble,completeness,,nan
resnet18,ISIC_0015994,ensemble,non_sensitivity,,nan
squeezenet,ISIC_0015994,ensemble,faithfulness_correlation,0.2096356451511383,
squeezenet,ISIC_0015994,ensemble,pixel_flipping,439.8335266113281,
squeezenet,ISIC_0015994,ensemble,max_sensitivity,,nan
squeezenet,ISIC_0015994,ensemble,avg_sensitivity,,nan
squeezenet,ISIC_0015994,ensemble,relevance_mass_accuracy,0.17993882298469543,
squeezenet,ISIC_0015994,ensemble,pointing_game,0.0,
squeezenet,ISIC_0015994,ensemble,sparseness,0.6658854602282318,
squeezenet,ISIC_0015994,ensemble,complexity,10.988633155822754,
squeezenet,ISIC_0015994,ensemble,model_parameter_randomisation,,nan
squeezenet,ISIC_0015994,ensemble,random_logit,,nan
squeezenet,ISIC_0015994,ensemble,completeness,,nan
squeezenet,ISIC_0015994,ensemble,non_sensitivity,,nan
resnet18,ISIC_0015998,ensemble,faithfulness_correlation,0.032190825790166855,
resnet18,ISIC_0015998,ensemble,pixel_flipping,457.4549255371094,
resnet18,ISIC_0015998,ensemble,max_sensitivity,,nan
resnet18,ISIC_0015998,ensemble,avg_sensitivity,,nan
resnet18,ISIC_0015998,ensemble,relevance_mass_accuracy,0.061922427266836166,
resnet18,ISIC_0015998,ensemble,pointing_game,1.0,
resnet18,ISIC_0015998,ensemble,sparseness,0.5218800973865989,
resnet18,ISIC_0015998,ensemble,complexity,11.412320137023926,
resnet18,ISIC_0015998,ensemble,model_parameter_randomisation,,nan
resnet18,ISIC_0015998,ensemble,random_logit,,nan
resnet18,ISIC_0015998,ensemble,completeness,,nan
resnet18,ISIC_0015998,ensemble,non_sensitivity,,nan
squeezenet,ISIC_0015998,ensemble,faithfulness_correlation,-0.04536006227135658,
squeezenet,ISIC_0015998,ensemble,pixel_flipping,212.52261352539062,
squeezenet,ISIC_0015998,ensemble,max_sensitivity,,nan
squeezenet,ISIC_0015998,ensemble,avg_sensitivity,,nan
squeezenet,ISIC_0015998,ensemble,relevance_mass_accuracy,0.22171467542648315,
squeezenet,ISIC_0015998,ensemble,pointing_game,1.0,
squeezenet,ISIC_0015998,ensemble,sparseness,0.6868999511362619,
squeezenet,ISIC_0015998,ensemble,complexity,10.870818138122559,
squeezenet,ISIC_0015998,ensemble,model_parameter_randomisation,,nan
squeezenet,ISIC_0015998,ensemble,random_logit,,nan
squeezenet,ISIC_0015998,ensemble,completeness,,nan
squeezenet,ISIC_0015998,ensemble,non_sensitivity,,nan
resnet18,ISIC_0016001,ensemble,faithfulness_correlation,-0.0045457868836820126,
resnet18,ISIC_0016001,ensemble,pixel_flipping,463.4754638671875,
resnet18,ISIC_0016001,ensemble,max_sensitivity,,nan
resnet18,ISIC_0016001,ensemble,avg_sensitivity,,nan
resnet18,ISIC_0016001,ensemble,relevance_mass_accuracy,0.3521413803100586,
resnet18,ISIC_0016001,ensemble,pointing_game,0.0,
resnet18,ISIC_0016001,ensemble,sparseness,0.46805039738479765,
resnet18,ISIC_0016001,ensemble,complexity,11.536277770996094,
resnet18,ISIC_0016001,ensemble,model_parameter_randomisation,,nan
resnet18,ISIC_0016001,ensemble,random_logit,,nan
resnet18,ISIC_0016001,ensemble,completeness,,nan
resnet18,ISIC_0016001,ensemble,non_sensitivity,,nan
squeezenet,ISIC_0016001,ensemble,faithfulness_correlation,-0.03298817574977875,
squeezenet,ISIC_0016001,ensemble,pixel_flipping,69.13511657714844,
squeezenet,ISIC_0016001,ensemble,max_sensitivity,,nan
squeezenet,ISIC_0016001,ensemble,avg_sensitivity,,nan
squeezenet,ISIC_0016001,ensemble,relevance_mass_accuracy,0.10898745805025101,
squeezenet,ISIC_0016001,ensemble,pointing_game,0.0,
squeezenet,ISIC_0016001,ensemble,sparseness,0.6220527061226884,
squeezenet,ISIC_0016001,ensemble,complexity,11.201279640197754,
squeezenet,ISIC_0016001,ensemble,model_parameter_randomisation,,nan
squeezenet,ISIC_0016001,ensemble,random_logit,,nan
squeezenet,ISIC_0016001,ensemble,completeness,,nan
squeezenet,ISIC_0016001,ensemble,non_sensitivity,,nan
resnet18,ISIC_0016002,ensemble,faithfulness_correlation,0.1372329145669937,
resnet18,ISIC_0016002,ensemble,pixel_flipping,470.5089111328125,
resnet18,ISIC_0016002,ensemble,max_sensitivity,,nan
resnet18,ISIC_0016002,ensemble,avg_sensitivity,,nan
resnet18,ISIC_0016002,ensemble,relevance_mass_accuracy,0.08348865061998367,
resnet18,ISIC_0016002,ensemble,pointing_game,1.0,
resnet18,ISIC_0016002,ensemble,sparseness,0.5305737373624414,
resnet18,ISIC_0016002,ensemble,complexity,11.396202087402344,
resnet18,ISIC_0016002,ensemble,model_parameter_randomisation,,nan
resnet18,ISIC_0016002,ensemble,random_logit,,nan
resnet18,ISIC_0016002,ensemble,completeness,,nan
resnet18,ISIC_0016002,ensemble,non_sensitivity,,nan
squeezenet,ISIC_0016002,ensemble,faithfulness_correlation,0.306515634059906,
squeezenet,ISIC_0016002,ensemble,pixel_flipping,394.3586120605469,
squeezenet,ISIC_0016002,ensemble,max_sensitivity,,nan
squeezenet,ISIC_0016002,ensemble,avg_sensitivity,,nan
squeezenet,ISIC_0016002,ensemble,relevance_mass_accuracy,0.2360001504421234,
squeezenet,ISIC_0016002,ensemble,pointing_game,1.0,
squeezenet,ISIC_0016002,ensemble,sparseness,0.7108753565916723,
squeezenet,ISIC_0016002,ensemble,complexity,10.821622848510742,
squeezenet,ISIC_0016002,ensemble,model_parameter_randomisation,,nan
squeezenet,ISIC_0016002,ensemble,random_logit,,nan
squeezenet,ISIC_0016002,ensemble,completeness,,nan
squeezenet,ISIC_0016002,ensemble,non_sensitivity,,nan
resnet18,ISIC_0016013,ensemble,faithfulness_correlation,0.1337997019290924,
resnet18,ISIC_0016013,ensemble,pixel_flipping,508.4398498535156,
resnet18,ISIC_0016013,ensemble,max_sensitivity,,nan
resnet18,ISIC_0016013,ensemble,avg_sensitivity,,nan
resnet18,ISIC_0016013,ensemble,relevance_mass_accuracy,0.0563652478158474,
resnet18,ISIC_0016013,ensemble,pointing_game,0.0,
resnet18,ISIC_0016013,ensemble,sparseness,0.4671288377421075,
resnet18,ISIC_0016013,ensemble,complexity,11.533675193786621,
resnet18,ISIC_0016013,ensemble,model_parameter_randomisation,,nan
resnet18,ISIC_0016013,ensemble,random_logit,,nan
resnet18,ISIC_0016013,ensemble,completeness,,nan
resnet18,ISIC_0016013,ensemble,non_sensitivity,,nan
squeezenet,ISIC_0016013,ensemble,faithfulness_correlation,0.23039989173412323,
squeezenet,ISIC_0016013,ensemble,pixel_flipping,355.6395568847656,
squeezenet,ISIC_0016013,ensemble,max_sensitivity,,nan
squeezenet,ISIC_0016013,ensemble,avg_sensitivity,,nan
squeezenet,ISIC_0016013,ensemble,relevance_mass_accuracy,0.32938021421432495,
squeezenet,ISIC_0016013,ensemble,pointing_game,1.0,
squeezenet,ISIC_0016013,ensemble,sparseness,0.6703891452531722,
squeezenet,ISIC_0016013,ensemble,complexity,10.965871810913086,
squeezenet,ISIC_0016013,ensemble,model_parameter_randomisation,,nan
squeezenet,ISIC_0016013,ensemble,random_logit,,nan
squeezenet,ISIC_0016013,ensemble,completeness,,nan
squeezenet,ISIC_0016013,ensemble,non_sensitivity,,nan
resnet18,ISIC_0016023,ensemble,faithfulness_correlation,0.21380437910556793,
resnet18,ISIC_0016023,ensemble,pixel_flipping,524.338134765625,
resnet18,ISIC_0016023,ensemble,max_sensitivity,,nan
resnet18,ISIC_0016023,ensemble,avg_sensitivity,,nan
resnet18,ISIC_0016023,ensemble,relevance_mass_accuracy,0.11473408341407776,
resnet18,ISIC_0016023,ensemble,pointing_game,0.0,
resnet18,ISIC_0016023,ensemble,sparseness,0.5050720996339733,
resnet18,ISIC_0016023,ensemble,complexity,11.468877792358398,
resnet18,ISIC_0016023,ensemble,model_parameter_randomisation,,nan
resnet18,ISIC_0016023,ensemble,random_logit,,nan
resnet18,ISIC_0016023,ensemble,completeness,,nan
resnet18,ISIC_0016023,ensemble,non_sensitivity,,nan
squeezenet,ISIC_0016023,ensemble,faithfulness_correlation,0.05953345075249672,
squeezenet,ISIC_0016023,ensemble,pixel_flipping,46.73788070678711,
squeezenet,ISIC_0016023,ensemble,max_sensitivity,,nan
squeezenet,ISIC_0016023,ensemble,avg_sensitivity,,nan
squeezenet,ISIC_0016023,ensemble,relevance_mass_accuracy,0.007937189191579819,
squeezenet,ISIC_0016023,ensemble,pointing_game,0.0,
squeezenet,ISIC_0016023,ensemble,sparseness,0.5409208834516662,
squeezenet,ISIC_0016023,ensemble,complexity,11.393908500671387,
squeezenet,ISIC_0016023,ensemble,model_parameter_randomisation,,nan
squeezenet,ISIC_0016023,ensemble,random_logit,,nan
squeezenet,ISIC_0016023,ensemble,completeness,,nan
squeezenet,ISIC_0016023,ensemble,non_sensitivity,,nan
resnet18,ISIC_0016024,ensemble,faithfulness_correlation,0.3403354585170746,
resnet18,ISIC_0016024,ensemble,pixel_flipping,550.9068603515625,
resnet18,ISIC_0016024,ensemble,max_sensitivity,,nan
resnet18,ISIC_0016024,ensemble,avg_sensitivity,,nan
resnet18,ISIC_0016024,ensemble,relevance_mass_accuracy,0.2750762701034546,
resnet18,ISIC_0016024,ensemble,pointing_game,0.0,
resnet18,ISIC_0016024,ensemble,sparseness,0.5584303772969851,
resnet18,ISIC_0016024,ensemble,complexity,11.365181922912598,
resnet18,ISIC_0016024,ensemble,model_parameter_randomisation,,nan
resnet18,ISIC_0016024,ensemble,random_logit,,nan
resnet18,ISIC_0016024,ensemble,completeness,,nan
resnet18,ISIC_0016024,ensemble,non_sensitivity,,nan
squeezenet,ISIC_0016024,ensemble,faithfulness_correlation,0.12273948639631271,
squeezenet,ISIC_0016024,ensemble,pixel_flipping,235.06011962890625,
squeezenet,ISIC_0016024,ensemble,max_sensitivity,,nan
squeezenet,ISIC_0016024,ensemble,avg_sensitivity,,nan
squeezenet,ISIC_0016024,ensemble,relevance_mass_accuracy,0.5328861474990845,
squeezenet,ISIC_0016024,ensemble,pointing_game,1.0,
squeezenet,ISIC_0016024,ensemble,sparseness,0.6522598958298956,
squeezenet,ISIC_0016024,ensemble,complexity,11.084970474243164,
squeezenet,ISIC_0016024,ensemble,model_parameter_randomisation,,nan
squeezenet,ISIC_0016024,ensemble,random_logit,,nan
squeezenet,ISIC_0016024,ensemble,completeness,,nan
squeezenet,ISIC_0016024,ensemble,non_sensitivity,,nan
resnet18,ISIC_0016025,ensemble,faithfulness_correlation,-0.0588042326271534,
resnet18,ISIC_0016025,ensemble,pixel_flipping,500.1521301269531,
resnet18,ISIC_0016025,ensemble,max_sensitivity,,nan
resnet18,ISIC_0016025,ensemble,avg_sensitivity,,nan
resnet18,ISIC_0016025,ensemble,relevance_mass_accuracy,0.41942471265792847,
resnet18,ISIC_0016025,ensemble,pointing_game,0.0,
resnet18,ISIC_0016025,ensemble,sparseness,0.490251922005638,
resnet18,ISIC_0016025,ensemble,complexity,11.498623847961426,
resnet18,ISIC_0016025,ensemble,model_parameter_randomisation,,nan
resnet18,ISIC_0016025,ensemble,random_logit,,nan
resnet18,ISIC_0016025,ensemble,completeness,,nan
resnet18,ISIC_0016025,ensemble,non_sensitivity,,nan
squeezenet,ISIC_0016025,ensemble,faithfulness_correlation,0.21936309337615967,
squeezenet,ISIC_0016025,ensemble,pixel_flipping,405.1203308105469,
squeezenet,ISIC_0016025,ensemble,max_sensitivity,,nan
squeezenet,ISIC_0016025,ensemble,avg_sensitivity,,nan
squeezenet,ISIC_0016025,ensemble,relevance_mass_accuracy,0.746540367603302,
squeezenet,ISIC_0016025,ensemble,pointing_game,1.0,
squeezenet,ISIC_0016025,ensemble,sparseness,0.7082742910671421,
squeezenet,ISIC_0016025,ensemble,complexity,10.903412818908691,
squeezenet,ISIC_0016025,ensemble,model_parameter_randomisation,,nan
squeezenet,ISIC_0016025,ensemble,random_logit,,nan
squeezenet,ISIC_0016025,ensemble,completeness,,nan
squeezenet,ISIC_0016025,ensemble,non_sensitivity,,nan
resnet18,ISIC_0016035,ensemble,faithfulness_correlation,0.16645315289497375,
resnet18,ISIC_0016035,ensemble,pixel_flipping,12.59854793548584,
resnet18,ISIC_0016035,ensemble,max_sensitivity,,nan
resnet18,ISIC_0016035,ensemble,avg_sensitivity,,nan
resnet18,ISIC_0016035,ensemble,relevance_mass_accuracy,0.5467673540115356,
resnet18,ISIC_0016035,ensemble,pointing_game,1.0,
resnet18,ISIC_0016035,ensemble,sparseness,0.4673552493843404,
resnet18,ISIC_0016035,ensemble,complexity,11.540489196777344,
resnet18,ISIC_0016035,ensemble,model_parameter_randomisation,,nan
resnet18,ISIC_0016035,ensemble,random_logit,,nan
resnet18,ISIC_0016035,ensemble,completeness,,nan
resnet18,ISIC_0016035,ensemble,non_sensitivity,,nan
squeezenet,ISIC_0016035,ensemble,faithfulness_correlation,0.14963306486606598,
squeezenet,ISIC_0016035,ensemble,pixel_flipping,44.79835510253906,
squeezenet,ISIC_0016035,ensemble,max_sensitivity,,nan
squeezenet,ISIC_0016035,ensemble,avg_sensitivity,,nan
squeezenet,ISIC_0016035,ensemble,relevance_mass_accuracy,0.3221300542354584,
squeezenet,ISIC_0016035,ensemble,pointing_game,0.0,
squeezenet,ISIC_0016035,ensemble,sparseness,0.587275778199745,
squeezenet,ISIC_0016035,ensemble,complexity,11.289616584777832,
squeezenet,ISIC_0016035,ensemble,model_parameter_randomisation,,nan
squeezenet,ISIC_0016035,ensemble,random_logit,,nan
squeezenet,ISIC_0016035,ensemble,completeness,,nan
squeezenet,ISIC_0016035,ensemble,non_sensitivity,,nan
resnet18,ISIC_0016053,ensemble,faithfulness_correlation,0.022848021239042282,
resnet18,ISIC_0016053,ensemble,pixel_flipping,401.2931823730469,
resnet18,ISIC_0016053,ensemble,max_sensitivity,,nan
resnet18,ISIC_0016053,ensemble,avg_sensitivity,,nan
resnet18,ISIC_0016053,ensemble,relevance_mass_accuracy,0.017340514808893204,
resnet18,ISIC_0016053,ensemble,pointing_game,1.0,
resnet18,ISIC_0016053,ensemble,sparseness,0.5088566704541162,
resnet18,ISIC_0016053,ensemble,complexity,11.431939125061035,
resnet18,ISIC_0016053,ensemble,model_parameter_randomisation,,nan
resnet18,ISIC_0016053,ensemble,random_logit,,nan
resnet18,ISIC_0016053,ensemble,completeness,,nan
resnet18,ISIC_0016053,ensemble,non_sensitivity,,nan
squeezenet,ISIC_0016053,ensemble,faithfulness_correlation,0.2568187415599823,
squeezenet,ISIC_0016053,ensemble,pixel_flipping,298.8517150878906,
squeezenet,ISIC_0016053,ensemble,max_sensitivity,,nan
squeezenet,ISIC_0016053,ensemble,avg_sensitivity,,nan
squeezenet,ISIC_0016053,ensemble,relevance_mass_accuracy,0.11003311723470688,
squeezenet,ISIC_0016053,ensemble,pointing_game,1.0,
squeezenet,ISIC_0016053,ensemble,sparseness,0.7116694371626243,
squeezenet,ISIC_0016053,ensemble,complexity,10.789863586425781,
squeezenet,ISIC_0016053,ensemble,model_parameter_randomisation,,nan
squeezenet,ISIC_0016053,ensemble,random_logit,,nan
squeezenet,ISIC_0016053,ensemble,completeness,,nan
squeezenet,ISIC_0016053,ensemble,non_sensitivity,,nan
resnet18,ISIC_0016069,ensemble,faithfulness_correlation,0.02708078920841217,
resnet18,ISIC_0016069,ensemble,pixel_flipping,502.52362060546875,
resnet18,ISIC_0016069,ensemble,max_sensitivity,,nan
resnet18,ISIC_0016069,ensemble,avg_sensitivity,,nan
resnet18,ISIC_0016069,ensemble,relevance_mass_accuracy,0.04610525071620941,
resnet18,ISIC_0016069,ensemble,pointing_game,0.0,
resnet18,ISIC_0016069,ensemble,sparseness,0.5042709172786014,
resnet18,ISIC_0016069,ensemble,complexity,11.466021537780762,
resnet18,ISIC_0016069,ensemble,model_parameter_randomisation,,nan
resnet18,ISIC_0016069,ensemble,random_logit,,nan
resnet18,ISIC_0016069,ensemble,completeness,,nan
resnet18,ISIC_0016069,ensemble,non_sensitivity,,nan
squeezenet,ISIC_0016069,ensemble,faithfulness_correlation,0.030332108959555626,
squeezenet,ISIC_0016069,ensemble,pixel_flipping,406.3812561035156,
squeezenet,ISIC_0016069,ensemble,max_sensitivity,,nan
squeezenet,ISIC_0016069,ensemble,avg_sensitivity,,nan
squeezenet,ISIC_0016069,ensemble,relevance_mass_accuracy,0.2041279673576355,
squeezenet,ISIC_0016069,ensemble,pointing_game,1.0,
squeezenet,ISIC_0016069,ensemble,sparseness,0.6894393655361243,
squeezenet,ISIC_0016069,ensemble,complexity,10.881138801574707,
squeezenet,ISIC_0016069,ensemble,model_parameter_randomisation,,nan
squeezenet,ISIC_0016069,ensemble,random_logit,,nan
squeezenet,ISIC_0016069,ensemble,completeness,,nan
squeezenet,ISIC_0016069,ensemble,non_sensitivity,,nan
resnet18,ISIC_0012240,ensemble,faithfulness_correlation,0.07667388767004013,
resnet18,ISIC_0012240,ensemble,pixel_flipping,14.925246238708496,
resnet18,ISIC_0012240,ensemble,max_sensitivity,,nan
resnet18,ISIC_0012240,ensemble,avg_sensitivity,,nan
resnet18,ISIC_0012240,ensemble,relevance_mass_accuracy,0.48619312047958374,
resnet18,ISIC_0012240,ensemble,pointing_game,0.0,
resnet18,ISIC_0012240,ensemble,sparseness,0.5070781016644619,
resnet18,ISIC_0012240,ensemble,complexity,11.469536781311035,
resnet18,ISIC_0012240,ensemble,model_parameter_randomisation,,nan
resnet18,ISIC_0012240,ensemble,random_logit,,nan
resnet18,ISIC_0012240,ensemble,completeness,,nan
resnet18,ISIC_0012240,ensemble,non_sensitivity,,nan
squeezenet,ISIC_0012240,ensemble,faithfulness_correlation,0.04240020737051964,
squeezenet,ISIC_0012240,ensemble,pixel_flipping,54.61256790161133,
squeezenet,ISIC_0012240,ensemble,max_sensitivity,,nan
squeezenet,ISIC_0012240,ensemble,avg_sensitivity,,nan
squeezenet,ISIC_0012240,ensemble,relevance_mass_accuracy,0.42307719588279724,
squeezenet,ISIC_0012240,ensemble,pointing_game,0.0,
squeezenet,ISIC_0012240,ensemble,sparseness,0.5907871030152103,
squeezenet,ISIC_0012240,ensemble,complexity,11.287093162536621,
squeezenet,ISIC_0012240,ensemble,model_parameter_randomisation,,nan
squeezenet,ISIC_0012240,ensemble,random_logit,,nan
squeezenet,ISIC_0012240,ensemble,completeness,,nan
squeezenet,ISIC_0012240,ensemble,non_sensitivity,,nan
resnet18,ISIC_0012266,ensemble,faithfulness_correlation,0.00894546415656805,
resnet18,ISIC_0012266,ensemble,pixel_flipping,8.903108596801758,
resnet18,ISIC_0012266,ensemble,max_sensitivity,,nan
resnet18,ISIC_0012266,ensemble,avg_sensitivity,,nan
resnet18,ISIC_0012266,ensemble,relevance_mass_accuracy,0.12300031632184982,
resnet18,ISIC_0012266,ensemble,pointing_game,0.0,
resnet18,ISIC_0012266,ensemble,sparseness,0.49240841229249566,
resnet18,ISIC_0012266,ensemble,complexity,11.49186897277832,
resnet18,ISIC_0012266,ensemble,model_parameter_randomisation,,nan
resnet18,ISIC_0012266,ensemble,random_logit,,nan
resnet18,ISIC_0012266,ensemble,completeness,,nan
resnet18,ISIC_0012266,ensemble,non_sensitivity,,nan
squeezenet,ISIC_0012266,ensemble,faithfulness_correlation,-0.04221370071172714,
squeezenet,ISIC_0012266,ensemble,pixel_flipping,60.522979736328125,
squeezenet,ISIC_0012266,ensemble,max_sensitivity,,nan
squeezenet,ISIC_0012266,ensemble,avg_sensitivity,,nan
squeezenet,ISIC_0012266,ensemble,relevance_mass_accuracy,0.28290116786956787,
squeezenet,ISIC_0012266,ensemble,pointing_game,1.0,
squeezenet,ISIC_0012266,ensemble,sparseness,0.6109102980021766,
squeezenet,ISIC_0012266,ensemble,complexity,11.224061012268066,
squeezenet,ISIC_0012266,ensemble,model_parameter_randomisation,,nan
squeezenet,ISIC_0012266,ensemble,random_logit,,nan
squeezenet,ISIC_0012266,ensemble,completeness,,nan
squeezenet,ISIC_0012266,ensemble,non_sensitivity,,nan
resnet18,ISIC_0012428,ensemble,faithfulness_correlation,0.18256635963916779,
resnet18,ISIC_0012428,ensemble,pixel_flipping,10.611091613769531,
resnet18,ISIC_0012428,ensemble,max_sensitivity,,nan
resnet18,ISIC_0012428,ensemble,avg_sensitivity,,nan
resnet18,ISIC_0012428,ensemble,relevance_mass_accuracy,0.7569339871406555,
resnet18,ISIC_0012428,ensemble,pointing_game,0.0,
resnet18,ISIC_0012428,ensemble,sparseness,0.48840296132748434,
resnet18,ISIC_0012428,ensemble,complexity,11.508086204528809,
resnet18,ISIC_0012428,ensemble,model_parameter_randomisation,,nan
resnet18,ISIC_0012428,ensemble,random_logit,,nan
resnet18,ISIC_0012428,ensemble,completeness,,nan
resnet18,ISIC_0012428,ensemble,non_sensitivity,,nan
squeezenet,ISIC_0012428,ensemble,faithfulness_correlation,0.1998882293701172,
squeezenet,ISIC_0012428,ensemble,pixel_flipping,232.6217803955078,
squeezenet,ISIC_0012428,ensemble,max_sensitivity,,nan
squeezenet,ISIC_0012428,ensemble,avg_sensitivity,,nan
squeezenet,ISIC_0012428,ensemble,relevance_mass_accuracy,1.0904265642166138,
squeezenet,ISIC_0012428,ensemble,pointing_game,1.0,
squeezenet,ISIC_0012428,ensemble,sparseness,0.6044449728362783,
squeezenet,ISIC_0012428,ensemble,complexity,11.227818489074707,
squeezenet,ISIC_0012428,ensemble,model_parameter_randomisation,,nan
squeezenet,ISIC_0012428,ensemble,random_logit,,nan
squeezenet,ISIC_0012428,ensemble,completeness,,nan
squeezenet,ISIC_0012428,ensemble,non_sensitivity,,nan
resnet18,ISIC_0013030,ensemble,faithfulness_correlation,0.10627657920122147,
resnet18,ISIC_0013030,ensemble,pixel_flipping,24.836206436157227,
resnet18,ISIC_0013030,ensemble,max_sensitivity,,nan
resnet18,ISIC_0013030,ensemble,avg_sensitivity,,nan
resnet18,ISIC_0013030,ensemble,relevance_mass_accuracy,0.21371006965637207,
resnet18,ISIC_0013030,ensemble,pointing_game,0.0,
resnet18,ISIC_0013030,ensemble,sparseness,0.4580051008746243,
resnet18,ISIC_0013030,ensemble,complexity,11.5509033203125,
resnet18,ISIC_0013030,ensemble,model_parameter_randomisation,,nan
resnet18,ISIC_0013030,ensemble,random_logit,,nan
resnet18,ISIC_0013030,ensemble,completeness,,nan
resnet18,ISIC_0013030,ensemble,non_sensitivity,,nan
squeezenet,ISIC_0013030,ensemble,faithfulness_correlation,0.08668037503957748,
squeezenet,ISIC_0013030,ensemble,pixel_flipping,56.5224723815918,
squeezenet,ISIC_0013030,ensemble,max_sensitivity,,nan
squeezenet,ISIC_0013030,ensemble,avg_sensitivity,,nan
squeezenet,ISIC_0013030,ensemble,relevance_mass_accuracy,0.16652129590511322,
squeezenet,ISIC_0013030,ensemble,pointing_game,0.0,
squeezenet,ISIC_0013030,ensemble,sparseness,0.5582384948770877,
squeezenet,ISIC_0013030,ensemble,complexity,11.359521865844727,
squeezenet,ISIC_0013030,ensemble,model_parameter_randomisation,,nan
squeezenet,ISIC_0013030,ensemble,random_logit,,nan
squeezenet,ISIC_0013030,ensemble,completeness,,nan
squeezenet,ISIC_0013030,ensemble,non_sensitivity,,nan
resnet18,ISIC_0013764,ensemble,faithfulness_correlation,0.0752556324005127,
resnet18,ISIC_0013764,ensemble,pixel_flipping,11.7622709274292,
resnet18,ISIC_0013764,ensemble,max_sensitivity,,nan
resnet18,ISIC_0013764,ensemble,avg_sensitivity,,nan
resnet18,ISIC_0013764,ensemble,relevance_mass_accuracy,0.2936142086982727,
resnet18,ISIC_0013764,ensemble,pointing_game,0.0,
resnet18,ISIC_0013764,ensemble,sparseness,0.45703483238372,
resnet18,ISIC_0013764,ensemble,complexity,11.557629585266113,
resnet18,ISIC_0013764,ensemble,model_parameter_randomisation,,nan
resnet18,ISIC_0013764,ensemble,random_logit,,nan
resnet18,ISIC_0013764,ensemble,completeness,,nan
resnet18,ISIC_0013764,ensemble,non_sensitivity,,nan
squeezenet,ISIC_0013764,ensemble,faithfulness_correlation,-0.06331302970647812,
squeezenet,ISIC_0013764,ensemble,pixel_flipping,224.56044006347656,
squeezenet,ISIC_0013764,ensemble,max_sensitivity,,nan
squeezenet,ISIC_0013764,ensemble,avg_sensitivity,,nan
squeezenet,ISIC_0013764,ensemble,relevance_mass_accuracy,0.8479350209236145,
squeezenet,ISIC_0013764,ensemble,pointing_game,1.0,
squeezenet,ISIC_0013764,ensemble,sparseness,0.6333881704482678,
squeezenet,ISIC_0013764,ensemble,complexity,11.147729873657227,
squeezenet,ISIC_0013764,ensemble,model_parameter_randomisation,,nan
squeezenet,ISIC_0013764,ensemble,random_logit,,nan
squeezenet,ISIC_0013764,ensemble,completeness,,nan
squeezenet,ISIC_0013764,ensemble,non_sensitivity,,nan
resnet18,ISIC_0013977,ensemble,faithfulness_correlation,-0.06693240255117416,
resnet18,ISIC_0013977,ensemble,pixel_flipping,15.117504119873047,
resnet18,ISIC_0013977,ensemble,max_sensitivity,,nan
resnet18,ISIC_0013977,ensemble,avg_sensitivity,,nan
resnet18,ISIC_0013977,ensemble,relevance_mass_accuracy,0.11173659563064575,
resnet18,ISIC_0013977,ensemble,pointing_game,0.0,
resnet18,ISIC_0013977,ensemble,sparseness,0.4976672430603952,
resnet18,ISIC_0013977,ensemble,complexity,11.48445987701416,
resnet18,ISIC_0013977,ensemble,model_parameter_randomisation,,nan
resnet18,ISIC_0013977,ensemble,random_logit,,nan
resnet18,ISIC_0013977,ensemble,completeness,,nan
resnet18,ISIC_0013977,ensemble,non_sensitivity,,nan
squeezenet,ISIC_0013977,ensemble,faithfulness_correlation,0.180294007062912,
squeezenet,ISIC_0013977,ensemble,pixel_flipping,64.20874786376953,
squeezenet,ISIC_0013977,ensemble,max_sensitivity,,nan
squeezenet,ISIC_0013977,ensemble,avg_sensitivity,,nan
squeezenet,ISIC_0013977,ensemble,relevance_mass_accuracy,0.08830547332763672,
squeezenet,ISIC_0013977,ensemble,pointing_game,0.0,
squeezenet,ISIC_0013977,ensemble,sparseness,0.582508771393524,
squeezenet,ISIC_0013977,ensemble,complexity,11.296083450317383,
squeezenet,ISIC_0013977,ensemble,model_parameter_randomisation,,nan
squeezenet,ISIC_0013977,ensemble,random_logit,,nan
squeezenet,ISIC_0013977,ensemble,completeness,,nan
squeezenet,ISIC_0013977,ensemble,non_sensitivity,,nan
resnet18,ISIC_0014503,ensemble,faithfulness_correlation,-0.049530576914548874,
resnet18,ISIC_0014503,ensemble,pixel_flipping,560.4585571289062,
resnet18,ISIC_0014503,ensemble,max_sensitivity,,nan
resnet18,ISIC_0014503,ensemble,avg_sensitivity,,nan
resnet18,ISIC_0014503,ensemble,relevance_mass_accuracy,0.16042281687259674,
resnet18,ISIC_0014503,ensemble,pointing_game,0.0,
resnet18,ISIC_0014503,ensemble,sparseness,0.45758577102702236,
resnet18,ISIC_0014503,ensemble,complexity,11.546786308288574,
resnet18,ISIC_0014503,ensemble,model_parameter_randomisation,,nan
resnet18,ISIC_0014503,ensemble,random_logit,,nan
resnet18,ISIC_0014503,ensemble,completeness,,nan
resnet18,ISIC_0014503,ensemble,non_sensitivity,,nan
squeezenet,ISIC_0014503,ensemble,faithfulness_correlation,0.0733070969581604,
squeezenet,ISIC_0014503,ensemble,pixel_flipping,287.79400634765625,
squeezenet,ISIC_0014503,ensemble,max_sensitivity,,nan
squeezenet,ISIC_0014503,ensemble,avg_sensitivity,,nan
squeezenet,ISIC_0014503,ensemble,relevance_mass_accuracy,0.12132344394922256,
squeezenet,ISIC_0014503,ensemble,pointing_game,0.0,
squeezenet,ISIC_0014503,ensemble,sparseness,0.5341076050476176,
squeezenet,ISIC_0014503,ensemble,complexity,11.40347957611084,
squeezenet,ISIC_0014503,ensemble,model_parameter_randomisation,,nan
squeezenet,ISIC_0014503,ensemble,random_logit,,nan
squeezenet,ISIC_0014503,ensemble,completeness,,nan
squeezenet,ISIC_0014503,ensemble,non_sensitivity,,nan
resnet18,ISIC_0014575,ensemble,faithfulness_correlation,0.1450597494840622,
resnet18,ISIC_0014575,ensemble,pixel_flipping,8.756403923034668,
resnet18,ISIC_0014575,ensemble,max_sensitivity,,nan
resnet18,ISIC_0014575,ensemble,avg_sensitivity,,nan
resnet18,ISIC_0014575,ensemble,relevance_mass_accuracy,0.05474155396223068,
resnet18,ISIC_0014575,ensemble,pointing_game,0.0,
resnet18,ISIC_0014575,ensemble,sparseness,0.4713792640632451,
resnet18,ISIC_0014575,ensemble,complexity,11.529646873474121,
resnet18,ISIC_0014575,ensemble,model_parameter_randomisation,,nan
resnet18,ISIC_0014575,ensemble,random_logit,,nan
resnet18,ISIC_0014575,ensemble,completeness,,nan
resnet18,ISIC_0014575,ensemble,non_sensitivity,,nan
squeezenet,ISIC_0014575,ensemble,faithfulness_correlation,0.18869002163410187,
squeezenet,ISIC_0014575,ensemble,pixel_flipping,45.889015197753906,
squeezenet,ISIC_0014575,ensemble,max_sensitivity,,nan
squeezenet,ISIC_0014575,ensemble,avg_sensitivity,,nan
squeezenet,ISIC_0014575,ensemble,relevance_mass_accuracy,0.06771770119667053,
squeezenet,ISIC_0014575,ensemble,pointing_game,0.0,
squeezenet,ISIC_0014575,ensemble,sparseness,0.6622457583937517,
squeezenet,ISIC_0014575,ensemble,complexity,11.065532684326172,
squeezenet,ISIC_0014575,ensemble,model_parameter_randomisation,,nan
squeezenet,ISIC_0014575,ensemble,random_logit,,nan
squeezenet,ISIC_0014575,ensemble,completeness,,nan
squeezenet,ISIC_0014575,ensemble,non_sensitivity,,nan
